player_id,full_name,position,legend_score,source_tier,is_manually_curated,curation_tier,justification
00-0032104,Ameer Abdullah,RB,38.65,2,False,,Algorithmic scoring
00-0000007,Rabih Abdullah,RB,18.41,2,False,,Algorithmic scoring
00-0034457,Josh Adams,RB,26.79,2,False,,Algorithmic scoring
00-0024245,Joseph Addai,RB,64.64,2,False,,Algorithmic scoring
00-0036020,Salvon Ahmed,RB,21.28,2,False,,Algorithmic scoring
00-0031590,Jay Ajayi,RB,49.32,2,False,,Algorithmic scoring
00-0036414,Cam Akers,RB,39.25,2,False,,Algorithmic scoring
00-0019647,Shaun Alexander,RB,60.17,2,False,,Algorithmic scoring
00-0000210,James Allen,RB,34.66,2,False,,Algorithmic scoring
00-0031577,Javorius Allen,RB,38.41,2,False,,Algorithmic scoring
00-0000232,Terry Allen,RB,35.96,2,False,,Algorithmic scoring
00-0037263,Tyler Allgeier,RB,31.99,2,False,,Algorithmic scoring
00-0000251,Mike Alstott,RB,59.16,2,False,,Algorithmic scoring
00-0029854,C.J. Anderson,RB,46.13,2,False,,Algorithmic scoring
00-0021048,Damien Anderson,RB,8.18,2,False,,Algorithmic scoring
00-0000316,Jamal Anderson,RB,35.56,2,False,,Algorithmic scoring
00-0019594,Mike Anderson,RB,54.04,2,False,,Algorithmic scoring
00-0000339,Richie Anderson,RB,37.11,2,False,,Algorithmic scoring
00-0030789,Antonio Andrews,RB,16.62,2,False,,Algorithmic scoring
00-0033296,Alex Armah,RB,22.61,2,False,,Algorithmic scoring
00-0035268,Ryquell Armstead,RB,16.94,2,False,,Algorithmic scoring
00-0023479,J.J. Arrington,RB,30.8,2,False,,Algorithmic scoring
00-0031599,Cameron Artis-Payne,RB,22.14,2,False,,Algorithmic scoring
00-0028198,Matt Asiata,RB,33.33,2,False,,Algorithmic scoring
00-0022003,B.J. Askew,RB,22.98,2,False,,Algorithmic scoring
00-0000552,Obafemi Ayanbadejo,RB,34.43,2,False,,Algorithmic scoring
00-0026432,Lance Ball,RB,25.32,2,False,,Algorithmic scoring
00-0030522,Montee Ball,RB,24.0,2,False,,Algorithmic scoring
00-0034799,Kalen Ballage,RB,32.93,2,False,,Algorithmic scoring
00-0029547,Vick Ballard,RB,23.17,2,False,,Algorithmic scoring
00-0000745,Tiki Barber,RB,58.97,2,False,,Algorithmic scoring
00-0032741,Peyton Barber,RB,38.49,2,False,,Algorithmic scoring
00-0023544,Marion Barber,RB,54.83,2,False,,Algorithmic scoring
00-0034844,Saquon Barkley,RB,79.42,2,False,,Algorithmic scoring
00-0020474,Kevan Barlow,RB,52.35,2,False,,Algorithmic scoring
00-0030465,Kenjon Barner,RB,18.97,2,False,,Algorithmic scoring
00-0000871,Mario Bates,RB,30.23,2,False,,Algorithmic scoring
00-0025701,Jackie Battle,RB,37.41,2,False,,Algorithmic scoring
00-0000942,Fred Beasley,RB,40.66,2,False,,Algorithmic scoring
00-0034959,Andrew Beck,RB,20.32,2,False,,Algorithmic scoring
00-0027218,Joique Bell,RB,41.78,2,False,,Algorithmic scoring
00-0026579,Kahlil Bell,RB,13.57,2,False,,Algorithmic scoring
00-0030496,Le'Veon Bell,RB,79.69,2,False,,Algorithmic scoring
00-0024011,Mike Bell,RB,34.3,2,False,,Algorithmic scoring
00-0022893,Tatum Bell,RB,44.53,2,False,,Algorithmic scoring
00-0036383,Eno Benjamin,RB,17.79,2,False,,Algorithmic scoring
00-0001098,Brandon Bennett,RB,29.93,2,False,,Algorithmic scoring
00-0001102,Donnell Bennett,RB,32.64,2,False,,Algorithmic scoring
00-0020514,Michael Bennett,RB,51.09,2,False,,Algorithmic scoring
00-0023439,Cedric Benson,RB,51.71,2,False,,Algorithmic scoring
00-0030456,Giovani Bernard,RB,51.78,2,False,,Algorithmic scoring
00-0027880,Jahvid Best,RB,33.97,2,False,,Algorithmic scoring
00-0001215,Jerome Bettis,RB,56.55,2,False,,Algorithmic scoring
00-0021184,Ladell Betts,RB,48.29,2,False,,Algorithmic scoring
00-0001224,Tim Biakabutuka,RB,39.26,2,False,,Algorithmic scoring
00-0031102,Kapri Bibbs,RB,15.71,2,False,,Algorithmic scoring
00-0037429,Raheem Blackshear,RB,13.65,2,False,,Algorithmic scoring
00-0035099,Khari Blasingame,RB,14.42,2,False,,Algorithmic scoring
00-0020315,Derrick Blaylock,RB,34.3,2,False,,Algorithmic scoring
00-0027325,LeGarrette Blount,RB,50.94,2,False,,Algorithmic scoring
00-0031075,Alfred Blue,RB,39.42,2,False,,Algorithmic scoring
00-0030112,Tommy Bohanon,RB,17.23,2,False,,Algorithmic scoring
00-0029239,Brandon Bolden,RB,42.5,2,False,,Algorithmic scoring
00-0032972,Devontae Booker,RB,40.35,2,False,,Algorithmic scoring
00-0025458,Lorenzo Booker,RB,16.32,2,False,,Algorithmic scoring
00-0034208,Mike Boone,RB,22.38,2,False,,Algorithmic scoring
00-0025637,Ahmad Bradshaw,RB,52.91,2,False,,Algorithmic scoring
00-0033308,Matt Breida,RB,41.84,2,False,,Algorithmic scoring
00-0027129,Aaron Brown,RB,14.85,2,False,,Algorithmic scoring
00-0027094,Andre Brown,RB,33.76,2,False,,Algorithmic scoring
00-0029429,Bryce Brown,RB,31.58,2,False,,Algorithmic scoring
00-0022092,Chris Brown,RB,43.64,2,False,,Algorithmic scoring
00-0020376,Dee Brown,RB,21.23,2,False,,Algorithmic scoring
00-0027003,Donald Brown,RB,47.6,2,False,,Algorithmic scoring
00-0031806,Malcolm Brown,RB,36.44,2,False,,Algorithmic scoring
00-0002027,Reggie Brown,RB,16.29,2,False,,Algorithmic scoring
00-0023437,Ronnie Brown,RB,66.24,2,False,,Algorithmic scoring
00-0002159,Shawn Bryson,RB,44.75,2,False,,Algorithmic scoring
00-0020270,Correll Buckhalter,RB,50.46,2,False,,Algorithmic scoring
00-0030288,Rex Burkhead,RB,43.23,2,False,,Algorithmic scoring
00-0020917,Joe Burns,RB,7.96,2,False,,Algorithmic scoring
00-0031595,Michael Burton,RB,18.15,2,False,,Algorithmic scoring
00-0025487,Michael Bush,RB,47.64,2,False,,Algorithmic scoring
00-0024217,Reggie Bush,RB,59.73,2,False,,Algorithmic scoring
00-0002380,Steve Bush,RB,21.74,2,False,,Algorithmic scoring
00-0029205,Travaris Cadet,RB,23.45,2,False,,Algorithmic scoring
00-0019649,Trung Canidate,RB,32.05,2,False,,Algorithmic scoring
00-0034164,Trenton Cannon,RB,13.65,2,False,,Algorithmic scoring
00-0031057,Ka'Deem Carey,RB,15.41,2,False,,Algorithmic scoring
00-0033594,Chris Carson,RB,46.58,2,False,,Algorithmic scoring
00-0002713,Tony Carter,RB,20.02,2,False,,Algorithmic scoring
00-0028057,Delone Carter,RB,22.25,2,False,,Algorithmic scoring
00-0002743,Ki-Jana Carter,RB,25.98,2,False,,Algorithmic scoring
00-0036924,Michael Carter,RB,28.97,2,False,,Algorithmic scoring
00-0021357,Rock Cartwright,RB,33.49,2,False,,Algorithmic scoring
00-0019794,Aveion Cason,RB,26.19,2,False,,Algorithmic scoring
00-0025672,Tim Castille,RB,14.41,2,False,,Algorithmic scoring
00-0002846,Larry Centers,RB,36.35,2,False,,Algorithmic scoring
00-0019712,Doug Chapman,RB,14.04,2,False,,Algorithmic scoring
00-0039165,Zach Charbonnet,RB,20.16,2,False,,Algorithmic scoring
00-0026213,Jamaal Charles,RB,78.74,2,False,,Algorithmic scoring
00-0020820,Jesse Chatman,RB,27.29,2,False,,Algorithmic scoring
00-0026262,Tashard Choice,RB,37.58,2,False,,Algorithmic scoring
00-0002970,Bob Christian,RB,36.86,2,False,,Algorithmic scoring
00-0034791,Nick Chubb,RB,64.89,2,False,,Algorithmic scoring
00-0033725,Corey Clement,RB,29.57,2,False,,Algorithmic scoring
00-0003136,Mike Cloud,RB,29.44,2,False,,Algorithmic scoring
00-0024172,Patrick Cobbs,RB,20.37,2,False,,Algorithmic scoring
00-0033556,Tarik Cohen,RB,53.7,2,False,,Algorithmic scoring
00-0029068,Derrick Coleman,RB,16.66,2,False,,Algorithmic scoring
00-0032058,Tevin Coleman,RB,54.52,2,False,,Algorithmic scoring
00-0032426,Alex Collins,RB,37.02,2,False,,Algorithmic scoring
00-0026072,Jed Collins,RB,25.54,2,False,,Algorithmic scoring
00-0003344,Greg Comella,RB,22.06,2,False,,Algorithmic scoring
00-0033553,James Conner,RB,63.11,2,False,,Algorithmic scoring
00-0027739,John Conner,RB,16.82,2,False,,Algorithmic scoring
00-0033893,Dalvin Cook,RB,64.03,2,False,,Algorithmic scoring
00-0020391,Jameel Cook,RB,17.07,2,False,,Algorithmic scoring
00-0037248,James Cook,RB,44.68,2,False,,Algorithmic scoring
00-0026033,Mike Cox,RB,18.87,2,False,,Algorithmic scoring
00-0003663,Zack Crockett,RB,48.06,2,False,,Algorithmic scoring
00-0030656,Isaiah Crowell,RB,43.02,2,False,,Algorithmic scoring
00-0029795,Benny Cunningham,RB,32.94,2,False,,Algorithmic scoring
00-0036425,DeeJay Dallas,RB,23.85,2,False,,Algorithmic scoring
00-0025633,Kenneth Darby,RB,16.88,2,False,,Algorithmic scoring
00-0030860,Orleans Darkwa,RB,29.89,2,False,,Algorithmic scoring
00-0021252,Najeh Davenport,RB,45.04,2,False,,Algorithmic scoring
00-0022434,Carey Davis,RB,14.05,2,False,,Algorithmic scoring
00-0030280,Knile Davis,RB,37.15,2,False,,Algorithmic scoring
00-0032063,Mike Davis,RB,43.34,2,False,,Algorithmic scoring
00-0004052,Stephen Davis,RB,58.84,2,False,,Algorithmic scoring
00-0004054,Terrell Davis,RB,25.07,2,False,,Algorithmic scoring
00-0019643,Ron Dayne,RB,45.76,2,False,,Algorithmic scoring
00-0027925,James Develin,RB,26.05,2,False,,Algorithmic scoring
00-0028581,Patrick DiMarco,RB,21.49,2,False,,Algorithmic scoring
00-0036265,AJ Dillon,RB,47.22,2,False,,Algorithmic scoring
00-0004304,Corey Dillon,RB,62.02,2,False,,Algorithmic scoring
00-0027772,Anthony Dixon,RB,31.47,2,False,,Algorithmic scoring
00-0032411,Kenneth Dixon,RB,26.09,2,False,,Algorithmic scoring
00-0036158,J.K. Dobbins,RB,36.81,2,False,,Algorithmic scoring
00-0036139,Rico Dowdle,RB,18.86,2,False,,Algorithmic scoring
00-0033118,Kenyan Drake,RB,53.68,2,False,,Algorithmic scoring
00-0028202,Shaun Draughn,RB,24.88,2,False,,Algorithmic scoring
00-0019610,Reuben Droughns,RB,46.33,2,False,,Algorithmic scoring
00-0021376,T.J. Duckett,RB,51.37,2,False,,Algorithmic scoring
00-0029004,Lance Dunbar,RB,21.3,2,False,,Algorithmic scoring
00-0004640,Warrick Dunn,RB,58.33,2,False,,Algorithmic scoring
00-0027786,Jonathan Dwyer,RB,24.1,2,False,,Algorithmic scoring
00-0034681,Chase Edmonds,RB,40.72,2,False,,Algorithmic scoring
00-0034184,Gus Edwards,RB,46.96,2,False,,Algorithmic scoring
00-0004768,Marc Edwards,RB,34.95,2,False,,Algorithmic scoring
00-0036360,Clyde Edwards-Helaire,RB,40.23,2,False,,Algorithmic scoring
00-0033699,Austin Ekeler,RB,51.99,2,False,,Algorithmic scoring
00-0030287,Andre Ellington,RB,36.14,2,False,,Algorithmic scoring
00-0033045,Ezekiel Elliott,RB,82.71,2,False,,Algorithmic scoring
00-0004916,Curtis Enis,RB,35.08,2,False,,Algorithmic scoring
00-0032404,Tyler Ervin,RB,15.44,2,False,,Algorithmic scoring
00-0036973,Travis Etienne,RB,43.35,2,False,,Algorithmic scoring
00-0020507,Heath Evans,RB,35.08,2,False,,Algorithmic scoring
00-0022093,Justin Fargas,RB,44.25,2,False,,Algorithmic scoring
00-0005091,Kevin Faulk,RB,52.84,2,False,,Algorithmic scoring
00-0005092,Marshall Faulk,RB,60.02,2,False,,Algorithmic scoring
00-0005110,Jermaine Fazande,RB,29.6,2,False,,Algorithmic scoring
00-0026286,Jerome Felton,RB,26.99,2,False,,Algorithmic scoring
00-0027093,Tony Fiammetta,RB,13.59,2,False,,Algorithmic scoring
00-0005229,Jim Finn,RB,20.5,2,False,,Algorithmic scoring
00-0020964,Tony Fisher,RB,31.71,2,False,,Algorithmic scoring
00-0022825,Troy Fleming,RB,14.65,2,False,,Algorithmic scoring
00-0005324,Terrell Fletcher,RB,28.72,2,False,,Algorithmic scoring
00-0005361,William Floyd,RB,26.39,2,False,,Algorithmic scoring
00-0037267,Jerome Ford,RB,29.12,2,False,,Algorithmic scoring
00-0033925,D'Onta Foreman,RB,47.69,2,False,,Algorithmic scoring
00-0026373,Justin Forsett,RB,50.68,2,False,,Algorithmic scoring
00-0026184,Matt Forte,RB,71.53,2,False,,Algorithmic scoring
00-0026796,Arian Foster,RB,55.05,2,False,,Algorithmic scoring
00-0021164,DeShaun Foster,RB,48.42,2,False,,Algorithmic scoring
00-0033856,Leonard Fournette,RB,57.94,2,False,,Algorithmic scoring
00-0031285,Devonta Freeman,RB,60.11,2,False,,Algorithmic scoring
00-0034838,Royce Freeman,RB,40.59,2,False,,Algorithmic scoring
00-0005620,Chris Fuamatu-Ma'afala,RB,36.88,2,False,,Algorithmic scoring
00-0023074,Samkon Gado,RB,33.46,2,False,,Algorithmic scoring
00-0036919,Kenneth Gainwell,RB,34.42,2,False,,Algorithmic scoring
00-0033950,Wayne Gallman,RB,33.67,2,False,,Algorithmic scoring
00-0024460,Quinton Ganther,RB,17.65,2,False,,Algorithmic scoring
00-0005779,Charlie Garner,RB,52.99,2,False,,Algorithmic scoring
00-0005816,Olandis Gary,RB,37.79,2,False,,Algorithmic scoring
00-0005822,Sam Gash,RB,19.86,2,False,,Algorithmic scoring
00-0035311,Myles Gaskin,RB,31.35,2,False,,Algorithmic scoring
00-0005883,Eddie George,RB,62.18,2,False,,Algorithmic scoring
00-0027888,Toby Gerhart,RB,41.72,2,False,,Algorithmic scoring
00-0036328,Antonio Gibson,RB,52.06,2,False,,Algorithmic scoring
00-0030433,Mike Gillislee,RB,31.27,2,False,,Algorithmic scoring
00-0019831,Nick Goings,RB,41.26,2,False,,Algorithmic scoring
00-0027080,Mike Goodson,RB,29.05,2,False,,Algorithmic scoring
00-0021209,Lamar Gordon,RB,29.68,2,False,,Algorithmic scoring
00-0032144,Melvin Gordon,RB,67.62,2,False,,Algorithmic scoring
00-0023500,Frank Gore,RB,67.6,2,False,,Algorithmic scoring
00-0021755,Earnest Graham,RB,42.81,2,False,,Algorithmic scoring
00-0022984,Ryan Grant,RB,50.89,2,False,,Algorithmic scoring
00-0031731,Corey Grant,RB,21.05,2,False,,Algorithmic scoring
00-0006305,Ahman Green,RB,62.09,2,False,,Algorithmic scoring
00-0028034,Alex Green,RB,19.31,2,False,,Algorithmic scoring
00-0019576,Mike Green,RB,18.57,2,False,,Algorithmic scoring
00-0021150,William Green,RB,35.2,2,False,,Algorithmic scoring
00-0025860,BenJarvus Green-Ellis,RB,43.56,2,False,,Algorithmic scoring
00-0026899,Shonn Greene,RB,48.43,2,False,,Algorithmic scoring
00-0006456,Howard Griffith,RB,20.79,2,False,,Algorithmic scoring
00-0022011,Justin Griffith,RB,27.91,2,False,,Algorithmic scoring
00-0029510,Jonathan Grimes,RB,25.2,2,False,,Algorithmic scoring
00-0006482,Clif Groce,RB,15.85,2,False,,Algorithmic scoring
00-0032241,Todd Gurley,RB,79.57,2,False,,Algorithmic scoring
00-0024489,Ahmard Hall,RB,23.14,2,False,,Algorithmic scoring
00-0038120,Breece Hall,RB,40.58,2,False,,Algorithmic scoring
00-0025578,Korey Hall,RB,15.56,2,False,,Algorithmic scoring
00-0032918,C.J. Ham,RB,28.6,2,False,,Algorithmic scoring
00-0019516,Troy Hambrick,RB,35.44,2,False,,Algorithmic scoring
00-0027666,Montario Hardesty,RB,21.18,2,False,,Algorithmic scoring
00-0021750,Arlen Harris,RB,24.3,2,False,,Algorithmic scoring
00-0035657,Damien Harris,RB,38.19,2,False,,Algorithmic scoring
00-0028409,DuJuan Harris,RB,22.98,2,False,,Algorithmic scoring
00-0036893,Najee Harris,RB,60.85,2,False,,Algorithmic scoring
00-0024359,Jerome Harrison,RB,36.37,2,False,,Algorithmic scoring
00-0035806,JaMycal Hasty,RB,20.59,2,False,,Algorithmic scoring
00-0028178,Stanley Havili,RB,13.63,2,False,,Algorithmic scoring
00-0021279,Verron Haynes,RB,28.23,2,False,,Algorithmic scoring
00-0007180,Garrison Hearst,RB,47.95,2,False,,Algorithmic scoring
00-0023683,Madison Hedgecock,RB,15.15,2,False,,Algorithmic scoring
00-0028043,Roy Helu,RB,39.54,2,False,,Algorithmic scoring
00-0035664,Darrell Henderson,RB,41.21,2,False,,Algorithmic scoring
00-0007254,William Henderson,RB,36.09,2,False,,Algorithmic scoring
00-0032764,Derrick Henry,RB,82.0,2,False,,Algorithmic scoring
00-0020471,Travis Henry,RB,49.21,2,False,,Algorithmic scoring
00-0036906,Khalil Herbert,RB,32.9,2,False,,Algorithmic scoring
00-0029588,Dan Herron,RB,19.12,2,False,,Algorithmic scoring
00-0023676,Noah Herron,RB,17.65,2,False,,Algorithmic scoring
00-0026209,Jacob Hester,RB,26.68,2,False,,Algorithmic scoring
00-0007357,Chris Hetherington,RB,24.57,2,False,,Algorithmic scoring
00-0007389,Skip Hicks,RB,30.12,2,False,,Algorithmic scoring
00-0020797,Maurice Hicks,RB,23.88,2,False,,Algorithmic scoring
00-0026289,Tim Hightower,RB,51.01,2,False,,Algorithmic scoring
00-0033567,Brian Hill,RB,27.28,2,False,,Algorithmic scoring
00-0031301,Jeremy Hill,RB,47.09,2,False,,Algorithmic scoring
00-0034975,Justice Hill,RB,31.26,2,False,,Algorithmic scoring
00-0034253,Dontrell Hilliard,RB,26.64,2,False,,Algorithmic scoring
00-0026344,Lex Hilliard,RB,17.29,2,False,,Algorithmic scoring
00-0026367,Peyton Hillis,RB,46.6,2,False,,Algorithmic scoring
00-0029683,Ronnie Hillman,RB,40.4,2,False,,Algorithmic scoring
00-0034367,Nyheim Hines,RB,42.22,2,False,,Algorithmic scoring
00-0007546,James Hodgins,RB,23.25,2,False,,Algorithmic scoring
00-0007579,Robert Holcombe,RB,39.85,2,False,,Algorithmic scoring
00-0007661,Priest Holmes,RB,56.51,2,False,,Algorithmic scoring
00-0035594,Travis Homer,RB,23.56,2,False,,Algorithmic scoring
00-0019100,Brad Hoover,RB,39.08,2,False,,Algorithmic scoring
00-0023615,Cedric Houston,RB,22.59,2,False,,Algorithmic scoring
00-0032780,Jordan Howard,RB,56.78,2,False,,Algorithmic scoring
00-0036555,Chuba Hubbard,RB,37.94,2,False,,Algorithmic scoring
00-0031743,Akeem Hunt,RB,10.68,2,False,,Algorithmic scoring
00-0033923,Kareem Hunt,RB,60.4,2,False,,Algorithmic scoring
00-0028053,Kendall Hunter,RB,30.78,2,False,,Algorithmic scoring
00-0007969,Richard Huntley,RB,39.25,2,False,,Algorithmic scoring
00-0031045,Carlos Hyde,RB,52.34,2,False,,Algorithmic scoring
00-0028492,Henry Hynoski,RB,11.61,2,False,,Algorithmic scoring
00-0035125,Alec Ingold,RB,16.65,2,False,,Algorithmic scoring
00-0037299,Keaontay Ingram,RB,13.75,2,False,,Algorithmic scoring
00-0027966,Mark Ingram,RB,65.18,2,False,,Algorithmic scoring
00-0008046,Sedrick Irvin,RB,23.55,2,False,,Algorithmic scoring
00-0027531,Chris Ivory,RB,52.72,2,False,,Algorithmic scoring
00-0025450,Brandon Jackson,RB,37.91,2,False,,Algorithmic scoring
00-0036493,Deon Jackson,RB,19.99,2,False,,Algorithmic scoring
00-0024204,Fred Jackson,RB,54.85,2,False,,Algorithmic scoring
00-0020430,James Jackson,RB,27.72,2,False,,Algorithmic scoring
00-0034440,Justin Jackson,RB,31.45,2,False,,Algorithmic scoring
00-0022736,Steven Jackson,RB,72.23,2,False,,Algorithmic scoring
00-0008196,Terry Jackson,RB,26.55,2,False,,Algorithmic scoring
00-0023545,Brandon Jacobs,RB,58.11,2,False,,Algorithmic scoring
00-0035700,Josh Jacobs,RB,72.8,2,False,,Algorithmic scoring
00-0008241,Edgerrin James,RB,64.15,2,False,,Algorithmic scoring
00-0032956,Andy Janovich,RB,19.74,2,False,,Algorithmic scoring
00-0027155,Rashad Jennings,RB,50.79,2,False,,Algorithmic scoring
00-0021260,Kyle Johnson,RB,17.75,2,False,,Algorithmic scoring
00-0008430,Anthony Johnson,RB,20.45,2,False,,Algorithmic scoring
00-0019172,Bryan Johnson,RB,19.44,2,False,,Algorithmic scoring
00-0026164,Chris Johnson,RB,79.77,2,False,,Algorithmic scoring
00-0035628,D'Ernest Johnson,RB,24.44,2,False,,Algorithmic scoring
00-0032187,David Johnson,RB,76.13,2,False,,Algorithmic scoring
00-0035726,Jakob Johnson,RB,16.8,2,False,,Algorithmic scoring
00-0008529,J.J. Johnson,RB,33.39,2,False,,Algorithmic scoring
00-0022141,Jeremi Johnson,RB,22.21,2,False,,Algorithmic scoring
00-0034349,Kerryon Johnson,RB,36.14,2,False,,Algorithmic scoring
00-0021976,Larry Johnson,RB,61.11,2,False,,Algorithmic scoring
00-0027106,Quinn Johnson,RB,12.25,2,False,,Algorithmic scoring
00-0032257,Duke Johnson,RB,46.0,2,False,,Algorithmic scoring
00-0020407,Rudi Johnson,RB,50.73,2,False,,Algorithmic scoring
00-0035537,Ty Johnson,RB,34.34,2,False,,Algorithmic scoring
00-0008568,Leon Johnson,RB,28.0,2,False,,Algorithmic scoring
00-0028841,Will Johnson,RB,20.77,2,False,,Algorithmic scoring
00-0033293,Aaron Jones,RB,60.54,2,False,,Algorithmic scoring
00-0026162,Felix Jones,RB,47.97,2,False,,Algorithmic scoring
00-0022897,Greg Jones,RB,42.18,2,False,,Algorithmic scoring
00-0022840,Julius Jones,RB,50.25,2,False,,Algorithmic scoring
00-0022782,Kevin Jones,RB,50.55,2,False,,Algorithmic scoring
00-0031939,Matt Jones,RB,31.67,2,False,,Algorithmic scoring
00-0034816,Ronald Jones,RB,41.73,2,False,,Algorithmic scoring
00-0028063,Taiwan Jones,RB,20.38,2,False,,Algorithmic scoring
00-0019641,Thomas Jones,RB,67.89,2,False,,Algorithmic scoring
00-0035860,Tony Jones,RB,13.02,2,False,,Algorithmic scoring
00-0037745,Velus Jones Jr.,RB,17.41,2,False,,Algorithmic scoring
00-0024275,Maurice Jones-Drew,RB,78.77,2,False,,Algorithmic scoring
00-0020462,LaMont Jordan,RB,52.35,2,False,,Algorithmic scoring
00-0008921,Randy Jordan,RB,27.53,2,False,,Algorithmic scoring
00-0029892,Kyle Juszczyk,RB,59.61,2,False,,Algorithmic scoring
00-0033906,Alvin Kamara,RB,64.7,2,False,,Algorithmic scoring
00-0027779,Deji Karim,RB,14.31,2,False,,Algorithmic scoring
00-0022796,Mike Karney,RB,25.14,2,False,,Algorithmic scoring
00-0009038,Napoleon Kaufman,RB,27.98,2,False,,Algorithmic scoring
00-0022206,Kenton Keith,RB,19.84,2,False,,Algorithmic scoring
00-0036370,Joshua Kelley,RB,31.55,2,False,,Algorithmic scoring
00-0032371,Rob Kelley,RB,30.09,2,False,,Algorithmic scoring
00-0009288,Terry Kirby,RB,37.34,2,False,,Algorithmic scoring
00-0009417,Rob Konrad,RB,30.94,2,False,,Algorithmic scoring
00-0019135,Dan Kreider,RB,27.79,2,False,,Algorithmic scoring
00-0022999,John Kuhn,RB,44.35,2,False,,Algorithmic scoring
00-0030485,Eddie Lacy,RB,60.11,2,False,,Algorithmic scoring
00-0035342,Patrick Laird,RB,16.19,2,False,,Algorithmic scoring
00-0029619,Jorvorskie Lane,RB,18.66,2,False,,Algorithmic scoring
00-0031569,Jeremy Langford,RB,32.55,2,False,,Algorithmic scoring
00-0026323,Spencer Larsen,RB,11.82,2,False,,Algorithmic scoring
00-0022397,Vonta Leach,RB,31.94,2,False,,Algorithmic scoring
00-0021673,ReShard Lee,RB,18.01,2,False,,Algorithmic scoring
00-0025439,Brian Leonard,RB,31.77,2,False,,Algorithmic scoring
00-0009829,Dorsey Levens,RB,50.35,2,False,,Algorithmic scoring
00-0028087,Dion Lewis,RB,43.92,2,False,,Algorithmic scoring
00-0019693,Jamal Lewis,RB,60.32,2,False,,Algorithmic scoring
00-0034109,Phillip Lindsay,RB,38.61,2,False,,Algorithmic scoring
00-0029931,Zach Line,RB,19.28,2,False,,Algorithmic scoring
00-0009960,Jonathan Linton,RB,32.37,2,False,,Algorithmic scoring
00-0027844,Erik Lorig,RB,14.07,2,False,,Algorithmic scoring
00-0017896,Nicolas Luchey,RB,24.3,2,False,,Algorithmic scoring
00-0026029,Kregg Lumpkin,RB,12.4,2,False,,Algorithmic scoring
00-0025399,Marshawn Lynch,RB,81.62,2,False,,Algorithmic scoring
00-0033951,Marlon Mack,RB,44.57,2,False,,Algorithmic scoring
00-0010240,Stacey Mack,RB,41.37,2,False,,Algorithmic scoring
00-0021509,Reno Mahe,RB,9.72,2,False,,Algorithmic scoring
00-0010292,Joel Makovicka,RB,22.01,2,False,,Algorithmic scoring
00-0024236,Laurence Maroney,RB,45.76,2,False,,Algorithmic scoring
00-0010436,Cecil Martin,RB,21.5,2,False,,Algorithmic scoring
00-0010442,Curtis Martin,RB,57.24,2,False,,Algorithmic scoring
00-0029613,Doug Martin,RB,70.69,2,False,,Algorithmic scoring
00-0037525,Jordan Mason,RB,22.3,2,False,,Algorithmic scoring
00-0031391,Tre Mason,RB,26.14,2,False,,Algorithmic scoring
00-0027864,Ryan Mathews,RB,65.21,2,False,,Algorithmic scoring
00-0034972,Alexander Mattison,RB,40.77,2,False,,Algorithmic scoring
00-0020527,Deuce McAllister,RB,61.68,2,False,,Algorithmic scoring
00-0033280,Christian McCaffrey,RB,78.36,2,False,,Algorithmic scoring
00-0025524,Le'Ron McClain,RB,60.77,2,False,,Algorithmic scoring
00-0027029,LeSean McCoy,RB,80.26,2,False,,Algorithmic scoring
00-0010747,Fred McCrary,RB,24.4,2,False,,Algorithmic scoring
00-0026144,Darren McFadden,RB,58.07,2,False,,Algorithmic scoring
00-0022178,Willis McGahee,RB,71.0,2,False,,Algorithmic scoring
00-0033295,Elijah McGuire,RB,23.9,2,False,,Algorithmic scoring
00-0038636,Kenny McIntosh,RB,8.67,2,False,,Algorithmic scoring
00-0020804,Corey McIntyre,RB,17.71,2,False,,Algorithmic scoring
00-0020805,Jason McKie,RB,27.02,2,False,,Algorithmic scoring
00-0031376,Jerick McKinnon,RB,50.59,2,False,,Algorithmic scoring
00-0032602,J.D. McKissic,RB,35.1,2,False,,Algorithmic scoring
00-0027712,Joe McKnight,RB,21.71,2,False,,Algorithmic scoring
00-0038794,Jaleel McLaughlin,RB,15.45,2,False,,Algorithmic scoring
00-0033955,Jeremy McNichols,RB,18.43,2,False,,Algorithmic scoring
00-0026163,Rashard Mendenhall,RB,54.05,2,False,,Algorithmic scoring
00-0030432,Christine Michael,RB,32.26,2,False,,Algorithmic scoring
00-0034845,Sony Michel,RB,44.95,2,False,,Algorithmic scoring
00-0028149,Bruce Miller,RB,21.15,2,False,,Algorithmic scoring
00-0029615,Lamar Miller,RB,65.87,2,False,,Algorithmic scoring
00-0020448,Travis Minor,RB,36.95,2,False,,Algorithmic scoring
00-0011399,Brian Mitchell,RB,30.45,2,False,,Algorithmic scoring
00-0036567,Elijah Mitchell,RB,33.79,2,False,,Algorithmic scoring
00-0033897,Joe Mixon,RB,68.9,2,False,,Algorithmic scoring
00-0023512,Ryan Moats,RB,27.79,2,False,,Algorithmic scoring
00-0035685,David Montgomery,RB,51.67,2,False,,Algorithmic scoring
00-0022217,Mewelde Moore,RB,40.91,2,False,,Algorithmic scoring
00-0023508,Vernand Morency,RB,22.14,2,False,,Algorithmic scoring
00-0026988,Knowshon Moreno,RB,53.08,2,False,,Algorithmic scoring
00-0029141,Alfred Morris,RB,55.82,2,False,,Algorithmic scoring
00-0021182,Maurice Morris,RB,49.78,2,False,,Algorithmic scoring
00-0019484,Sammy Morris,RB,45.73,2,False,,Algorithmic scoring
00-0019590,Chad Morton,RB,17.97,2,False,,Algorithmic scoring
00-0036251,Zack Moss,RB,39.17,2,False,,Algorithmic scoring
00-0031687,Raheem Mostert,RB,49.73,2,False,,Algorithmic scoring
00-0022143,Ovie Mughelli,RB,24.47,2,False,,Algorithmic scoring
00-0020700,James Mungro,RB,28.06,2,False,,Algorithmic scoring
00-0028009,DeMarco Murray,RB,80.1,2,False,,Algorithmic scoring
00-0030513,Latavius Murray,RB,67.55,2,False,,Algorithmic scoring
00-0011869,Adrian Murrell,RB,21.29,2,False,,Algorithmic scoring
00-0011958,Lorenzo Neal,RB,36.86,2,False,,Algorithmic scoring
00-0020508,Moran Norris,RB,20.86,2,False,,Algorithmic scoring
00-0024294,Jerious Norwood,RB,41.65,2,False,,Algorithmic scoring
00-0027140,Chris Ogbonnaya,RB,26.94,2,False,,Algorithmic scoring
00-0033854,Dare Ogunbowale,RB,21.66,2,False,,Algorithmic scoring
00-0029492,Jamize Olawale,RB,30.74,2,False,,Algorithmic scoring
00-0031277,Branden Oliver,RB,23.6,2,False,,Algorithmic scoring
00-0024103,Montell Owens,RB,19.47,2,False,,Algorithmic scoring
00-0037197,Isiah Pacheco,RB,40.05,2,False,,Algorithmic scoring
00-0022250,Willie Parker,RB,48.92,2,False,,Algorithmic scoring
00-0012603,Bernie Parmalee,RB,15.67,2,False,,Algorithmic scoring
00-0019932,Josh Parry,RB,15.27,2,False,,Algorithmic scoring
00-0019533,Patrick Pass,RB,28.83,2,False,,Algorithmic scoring
00-0030578,Cordarrelle Patterson,RB,75.63,2,False,,Algorithmic scoring
00-0029626,Isaiah Pead,RB,14.27,2,False,,Algorithmic scoring
00-0023561,Alvin Pearman,RB,16.64,2,False,,Algorithmic scoring
00-0026932,Cedric Peerman,RB,27.25,2,False,,Algorithmic scoring
00-0032813,Elijhaa Penny,RB,24.57,2,False,,Algorithmic scoring
00-0034750,Rashaad Penny,RB,41.19,2,False,,Algorithmic scoring
00-0033526,Samaje Perine,RB,42.34,2,False,,Algorithmic scoring
00-0032417,Paul Perkins,RB,17.68,2,False,,Algorithmic scoring
00-0022926,Chris Perry,RB,28.12,2,False,,Algorithmic scoring
00-0021306,Adrian Peterson,RB,31.91,2,False,,Algorithmic scoring
00-0025394,Adrian Peterson,RB,84.94,2,False,,Algorithmic scoring
00-0029264,Bernard Pierce,RB,34.21,2,False,,Algorithmic scoring
00-0037258,Dameon Pierce,RB,28.04,2,False,,Algorithmic scoring
00-0022006,Artose Pinner,RB,28.34,2,False,,Algorithmic scoring
00-0025494,Antonio Pittman,RB,16.58,2,False,,Algorithmic scoring
00-0013013,Michael Pittman,RB,58.64,2,False,,Algorithmic scoring
00-0022405,Lousaka Polite,RB,20.21,2,False,,Algorithmic scoring
00-0029438,Chris Polk,RB,25.89,2,False,,Algorithmic scoring
00-0035261,Tony Pollard,RB,56.55,2,False,,Algorithmic scoring
00-0021179,Clinton Portis,RB,69.47,2,False,,Algorithmic scoring
00-0028064,Bilal Powell,RB,45.94,2,False,,Algorithmic scoring
00-0019609,Travis Prentice,RB,28.02,2,False,,Algorithmic scoring
00-0013262,Stanley Pritchett,RB,37.78,2,False,,Algorithmic scoring
00-0032393,C.J. Prosise,RB,24.89,2,False,,Algorithmic scoring
00-0029384,Bobby Rainey,RB,31.45,2,False,,Algorithmic scoring
00-0030388,Joseph Randle,RB,25.94,2,False,,Algorithmic scoring
00-0031897,Thomas Rawls,RB,27.89,2,False,,Algorithmic scoring
00-0026566,Isaac Redman,RB,35.68,2,False,,Algorithmic scoring
00-0019722,J.R. Redmond,RB,27.5,2,False,,Algorithmic scoring
00-0026393,Marcel Reece,RB,38.88,2,False,,Algorithmic scoring
00-0035567,Craig Reynolds,RB,20.67,2,False,,Algorithmic scoring
00-0013622,Errict Rhett,RB,30.75,2,False,,Algorithmic scoring
00-0019863,Dominic Rhodes,RB,47.78,2,False,,Algorithmic scoring
00-0018588,Alan Ricard,RB,19.58,2,False,,Algorithmic scoring
00-0033376,Patrick Ricard,RB,22.39,2,False,,Algorithmic scoring
00-0026195,Ray Rice,RB,64.42,2,False,,Algorithmic scoring
00-0033025,Jalen Richard,RB,34.71,2,False,,Algorithmic scoring
00-0013694,Tony Richardson,RB,48.21,2,False,,Algorithmic scoring
00-0029612,Daryl Richardson,RB,18.02,2,False,,Algorithmic scoring
00-0029675,Trent Richardson,RB,44.36,2,False,,Algorithmic scoring
00-0030107,Theo Riddick,RB,31.46,2,False,,Algorithmic scoring
00-0028011,Stevan Ridley,RB,41.01,2,False,,Algorithmic scoring
00-0027120,Javon Ringer,RB,20.51,2,False,,Algorithmic scoring
00-0031612,Aaron Ripkowski,RB,23.08,2,False,,Algorithmic scoring
00-0013773,Jon Ritchie,RB,27.12,2,False,,Algorithmic scoring
00-0024315,Michael Robinson,RB,30.42,2,False,,Algorithmic scoring
00-0038542,Bijan Robinson,RB,40.18,2,False,,Algorithmic scoring
00-0037746,Brian Robinson,RB,36.62,2,False,,Algorithmic scoring
00-0030547,Denard Robinson,RB,30.08,2,False,,Algorithmic scoring
00-0035831,James Robinson,RB,36.97,2,False,,Algorithmic scoring
00-0030348,Khiry Robinson,RB,30.57,2,False,,Algorithmic scoring
00-0028083,Jacquizz Rodgers,RB,40.72,2,False,,Algorithmic scoring
00-0028115,Evan Royster,RB,16.44,2,False,,Algorithmic scoring
00-0024846,Gary Russell,RB,11.65,2,False,,Algorithmic scoring
00-0034331,Jaylen Samuels,RB,24.93,2,False,,Algorithmic scoring
00-0035243,Miles Sanders,RB,57.42,2,False,,Algorithmic scoring
00-0031413,Bishop Sankey,RB,24.77,2,False,,Algorithmic scoring
00-0021845,Cecil Sapp,RB,18.86,2,False,,Algorithmic scoring
00-0014450,Cory Schlesinger,RB,39.06,2,False,,Algorithmic scoring
00-0026303,Owen Schmitt,RB,15.35,2,False,,Algorithmic scoring
00-0026941,Bernard Scott,RB,26.53,2,False,,Algorithmic scoring
00-0034414,Boston Scott,RB,37.91,2,False,,Algorithmic scoring
00-0014775,Daimon Shelton,RB,22.66,2,False,,Algorithmic scoring
00-0028074,Anthony Sherman,RB,29.38,2,False,,Algorithmic scoring
00-0020022,Marcel Shipp,RB,36.64,2,False,,Algorithmic scoring
00-0031390,Charles Sims,RB,32.02,2,False,,Algorithmic scoring
00-0035250,Devin Singletary,RB,44.23,2,False,,Algorithmic scoring
00-0026229,Steve Slaton,RB,40.52,2,False,,Algorithmic scoring
00-0032782,Wendell Smallwood,RB,32.15,2,False,,Algorithmic scoring
00-0027346,Alfonso Smith,RB,16.28,2,False,,Algorithmic scoring
00-0030968,Keith Smith,RB,16.98,2,False,,Algorithmic scoring
00-0026855,Antone Smith,RB,22.57,2,False,,Algorithmic scoring
00-0015091,Antowain Smith,RB,57.83,2,False,,Algorithmic scoring
00-0015165,Emmitt Smith,RB,52.49,2,False,,Algorithmic scoring
00-0026204,Kevin Smith,RB,46.99,2,False,,Algorithmic scoring
00-0025535,Kolby Smith,RB,21.98,2,False,,Algorithmic scoring
00-0015242,Lamar Smith,RB,51.1,2,False,,Algorithmic scoring
00-0018977,Maurice Smith,RB,28.83,2,False,,Algorithmic scoring
00-0022130,Musa Smith,RB,29.12,2,False,,Algorithmic scoring
00-0022138,Onterrio Smith,RB,34.52,2,False,,Algorithmic scoring
00-0019673,Paul Smith,RB,16.9,2,False,,Algorithmic scoring
00-0015286,Robert Smith,RB,43.6,2,False,,Algorithmic scoring
00-0031900,Rod Smith,RB,28.61,2,False,,Algorithmic scoring
00-0034378,Ito Smith,RB,26.34,2,False,,Algorithmic scoring
00-0019587,Terrelle Smith,RB,20.78,2,False,,Algorithmic scoring
00-0035217,Benny Snell,RB,26.64,2,False,,Algorithmic scoring
00-0025631,Jason Snelling,RB,39.54,2,False,,Algorithmic scoring
00-0015420,Jerald Sowell,RB,28.48,2,False,,Algorithmic scoring
00-0039032,Tyjae Spears,RB,21.42,2,False,,Algorithmic scoring
00-0027861,C.J. Spiller,RB,57.11,2,False,,Algorithmic scoring
00-0023564,Darren Sproles,RB,60.48,2,False,,Algorithmic scoring
00-0020849,Charles Stackhouse,RB,10.95,2,False,,Algorithmic scoring
00-0030536,Zac Stacy,RB,32.21,2,False,,Algorithmic scoring
00-0015523,Duce Staley,RB,57.33,2,False,,Algorithmic scoring
00-0027791,James Starks,RB,46.54,2,False,,Algorithmic scoring
00-0015601,Aaron Stecker,RB,40.85,2,False,,Algorithmic scoring
00-0026956,LaRod Stephens-Howling,RB,29.48,2,False,,Algorithmic scoring
00-0036875,Rhamondre Stevenson,RB,40.46,2,False,,Algorithmic scoring
00-0015698,James Stewart,RB,50.24,2,False,,Algorithmic scoring
00-0026153,Jonathan Stewart,RB,69.86,2,False,,Algorithmic scoring
00-0015830,Mack Strong,RB,36.61,2,False,,Algorithmic scoring
00-0038098,Pierre Strong,RB,19.32,2,False,,Algorithmic scoring
00-0022180,Lee Suggs,RB,29.1,2,False,,Algorithmic scoring
00-0026926,Frank Summers,RB,18.22,2,False,,Algorithmic scoring
00-0036275,D'Andre Swift,RB,55.06,2,False,,Algorithmic scoring
00-0026557,Will Ta'ufo'ou,RB,13.32,2,False,,Algorithmic scoring
00-0023774,Naufahu Tahi,RB,11.82,2,False,,Algorithmic scoring
00-0022797,Thomas Tapeh,RB,13.28,2,False,,Algorithmic scoring
00-0027890,Ben Tate,RB,42.74,2,False,,Algorithmic scoring
00-0021314,Chester Taylor,RB,51.01,2,False,,Algorithmic scoring
00-0016098,Fred Taylor,RB,71.46,2,False,,Algorithmic scoring
00-0036223,Jonathan Taylor,RB,73.78,2,False,,Algorithmic scoring
00-0035973,Patrick Taylor,RB,14.55,2,False,,Algorithmic scoring
00-0030282,Stepfan Taylor,RB,16.59,2,False,,Algorithmic scoring
00-0020403,Anthony Thomas,RB,48.6,2,False,,Algorithmic scoring
00-0024813,Pierre Thomas,RB,53.46,2,False,,Algorithmic scoring
00-0028000,Daniel Thomas,RB,37.68,2,False,,Algorithmic scoring
00-0016316,Robert Thomas,RB,21.64,2,False,,Algorithmic scoring
00-0016321,Rodney Thomas,RB,20.69,2,False,,Algorithmic scoring
00-0030404,Chris Thompson,RB,38.79,2,False,,Algorithmic scoring
00-0030705,Juwan Thompson,RB,20.25,2,False,,Algorithmic scoring
00-0028121,Jordan Todman,RB,26.58,2,False,,Algorithmic scoring
00-0022057,LaBrandon Toefield,RB,28.67,2,False,,Algorithmic scoring
00-0026069,Mike Tolbert,RB,54.38,2,False,,Algorithmic scoring
00-0020536,LaDainian Tomlinson,RB,87.22,2,False,,Algorithmic scoring
00-0026279,Ryan Torain,RB,27.54,2,False,,Algorithmic scoring
00-0029273,Robert Turbin,RB,43.17,2,False,,Algorithmic scoring
00-0022821,Michael Turner,RB,74.71,2,False,,Algorithmic scoring
00-0036450,Ke'Shawn Vaughn,RB,20.6,2,False,,Algorithmic scoring
00-0027994,Shane Vereen,RB,43.18,2,False,,Algorithmic scoring
00-0024394,Lawrence Vickers,RB,18.36,2,False,,Algorithmic scoring
00-0032794,Danny Vitale,RB,11.7,2,False,,Algorithmic scoring
00-0038134,Kenneth Walker III,RB,42.02,2,False,,Algorithmic scoring
00-0022770,Derrick Ward,RB,47.87,2,False,,Algorithmic scoring
00-0031682,Terron Ward,RB,13.39,2,False,,Algorithmic scoring
00-0024559,D.J. Ware,RB,22.93,2,False,,Algorithmic scoring
00-0030414,Spencer Ware,RB,38.72,2,False,,Algorithmic scoring
00-0017209,Chris Warren,RB,33.63,2,False,,Algorithmic scoring
00-0037228,Jaylen Warren,RB,28.14,2,False,,Algorithmic scoring
00-0017218,Lamont Warren,RB,25.39,2,False,,Algorithmic scoring
00-0032940,DeAndre Washington,RB,34.02,2,False,,Algorithmic scoring
00-0032450,Dwayne Washington,RB,24.25,2,False,,Algorithmic scoring
00-0024332,Leon Washington,RB,65.54,2,False,,Algorithmic scoring
00-0017303,Justin Watson,RB,23.27,2,False,,Algorithmic scoring
00-0019808,Kenny Watson,RB,38.95,2,False,,Algorithmic scoring
00-0032897,Derek Watt,RB,23.58,2,False,,Algorithmic scoring
00-0017322,Ricky Watters,RB,46.88,2,False,,Algorithmic scoring
00-0023063,Leonard Weaver,RB,34.61,2,False,,Algorithmic scoring
00-0027007,Chris Wells,RB,44.41,2,False,,Algorithmic scoring
00-0021223,Jonathan Wells,RB,38.26,2,False,,Algorithmic scoring
00-0030668,Charcandrick West,RB,34.73,2,False,,Algorithmic scoring
00-0031375,Terrance West,RB,36.29,2,False,,Algorithmic scoring
00-0021216,Brian Westbrook,RB,73.9,2,False,,Algorithmic scoring
00-0017486,Tyrone Wheatley,RB,55.05,2,False,,Algorithmic scoring
00-0024260,LenDale White,RB,44.34,2,False,,Algorithmic scoring
00-0019057,Jamel White,RB,38.76,2,False,,Algorithmic scoring
00-0031062,James White,RB,42.24,2,False,,Algorithmic scoring
00-0037256,Rachaad White,RB,39.7,2,False,,Algorithmic scoring
00-0038040,Zamir White,RB,21.16,2,False,,Algorithmic scoring
00-0029731,Fozzy Whittaker,RB,25.75,2,False,,Algorithmic scoring
00-0019614,Michael Wiley,RB,19.83,2,False,,Algorithmic scoring
00-0034400,Jordan Wilkins,RB,28.14,2,False,,Algorithmic scoring
00-0031055,Andre Williams,RB,28.88,2,False,,Algorithmic scoring
00-0023440,Cadillac Williams,RB,52.59,2,False,,Algorithmic scoring
00-0030874,Damien Williams,RB,46.76,2,False,,Algorithmic scoring
00-0034301,Darrel Williams,RB,35.35,2,False,,Algorithmic scoring
00-0024242,DeAngelo Williams,RB,66.8,2,False,,Algorithmic scoring
00-0021979,Domanick Williams,RB,42.19,2,False,,Algorithmic scoring
00-0017915,Ricky Williams,RB,81.66,2,False,,Algorithmic scoring
00-0033948,Jamaal Williams,RB,51.57,2,False,,Algorithmic scoring
00-0036997,Javonte Williams,RB,37.01,2,False,,Algorithmic scoring
00-0032975,Jonathan Williams,RB,22.48,2,False,,Algorithmic scoring
00-0027214,Keiland Williams,RB,26.01,2,False,,Algorithmic scoring
00-0030117,Kerwynn Williams,RB,23.8,2,False,,Algorithmic scoring
00-0037840,Kyren Williams,RB,38.63,2,False,,Algorithmic scoring
00-0017892,Moe Williams,RB,47.43,2,False,,Algorithmic scoring
00-0022538,Shaud Williams,RB,9.41,2,False,,Algorithmic scoring
00-0035291,Trayveon Williams,RB,11.79,2,False,,Algorithmic scoring
00-0029251,David Wilson,RB,23.79,2,False,,Algorithmic scoring
00-0034115,Jeff Wilson,RB,44.37,2,False,,Algorithmic scoring
00-0018141,Jon Witman,RB,19.45,2,False,,Algorithmic scoring
00-0025480,Garrett Wolfe,RB,16.03,2,False,,Algorithmic scoring
00-0026019,Danny Woodhead,RB,47.15,2,False,,Algorithmic scoring
00-0022288,Jason Wright,RB,23.21,2,False,,Algorithmic scoring
00-0032209,T.J. Yeldon,RB,43.5,2,False,,Algorithmic scoring
00-0026852,Darrel Young,RB,32.82,2,False,,Algorithmic scoring
00-0024549,Selvin Young,RB,20.01,2,False,,Algorithmic scoring
00-0031665,Zach Zenner,RB,27.7,2,False,,Algorithmic scoring
00-0018501,Amos Zereoue,RB,42.48,2,False,,Algorithmic scoring
00-0038580,Yasir Abdullah,LB,18.41,2,False,,Algorithmic scoring
00-0028041,Sam Acho,LB,44.97,2,False,,Algorithmic scoring
00-0033872,Jamal Adams,LB,63.01,2,False,,Algorithmic scoring
00-0034424,Matthew Adams,LB,18.62,2,False,,Algorithmic scoring
00-0031950,D.J. Alexander,LB,25.62,2,False,,Algorithmic scoring
00-0031393,Maurice Alexander,LB,33.42,2,False,,Algorithmic scoring
00-0032109,Kwon Alexander,LB,53.69,2,False,,Algorithmic scoring
00-0035670,Dakota Allen,LB,6.42,2,False,,Algorithmic scoring
00-0030401,Kiko Alonso,LB,42.98,2,False,,Algorithmic scoring
00-0037810,Troy Andersen,LB,35.68,2,False,,Algorithmic scoring
00-0033525,Ryan Anderson,LB,27.73,2,False,,Algorithmic scoring
00-0032102,Stephone Anthony,LB,36.23,2,False,,Algorithmic scoring
00-0033914,Alex Anzalone,LB,42.5,2,False,,Algorithmic scoring
00-0037822,Brian Asamoah II,LB,14.49,2,False,,Algorithmic scoring
00-0031258,Jeremiah Attaochu,LB,41.55,2,False,,Algorithmic scoring
00-0027977,Akeem Ayers,LB,42.7,2,False,,Algorithmic scoring
00-0036314,Markus Bailey,LB,19.39,2,False,,Algorithmic scoring
00-0034797,Jerome Baker,LB,50.54,2,False,,Algorithmic scoring
00-0036964,Derrick Barnes,LB,30.75,2,False,,Algorithmic scoring
00-0037043,Amare Barno,LB,30.25,2,False,,Algorithmic scoring
00-0031256,Anthony Barr,LB,63.15,2,False,,Algorithmic scoring
00-0030119,Sam Barrington,LB,14.52,2,False,,Algorithmic scoring
00-0029670,Mark Barron,LB,51.39,2,False,,Algorithmic scoring
00-0031354,Lamin Barrow,LB,12.65,2,False,,Algorithmic scoring
00-0035672,Cody Barton,LB,38.4,2,False,,Algorithmic scoring
00-0027022,Connor Barwin,LB,64.48,2,False,,Algorithmic scoring
00-0036553,Carlos Basham,LB,32.02,2,False,,Algorithmic scoring
00-0033917,Tarell Basham,LB,37.17,2,False,,Algorithmic scoring
00-0030517,David Bass,LB,32.05,2,False,,Algorithmic scoring
00-0036418,Zack Baun,LB,50.69,2,False,,Algorithmic scoring
00-0033938,Kendell Beckwith,LB,25.56,2,False,,Algorithmic scoring
00-0035000,Quinton Bell,LB,25.28,2,False,,Algorithmic scoring
00-0034385,Ja'Whaun Bentley,LB,46.23,2,False,,Algorithmic scoring
00-0037254,Terrel Bernard,LB,36.1,2,False,,Algorithmic scoring
00-0033939,Vince Biegel,LB,28.01,2,False,,Algorithmic scoring
00-0034422,Keishawn Bierria,LB,3.03,2,False,,Algorithmic scoring
00-0036621,Nick Bolton,LB,38.72,2,False,,Algorithmic scoring
00-0032789,Devante Bond,LB,15.54,2,False,,Algorithmic scoring
00-0037249,Nik Bonitto,LB,46.14,2,False,,Algorithmic scoring
00-0033283,Tyus Bowser,LB,43.67,2,False,,Algorithmic scoring
00-0029272,Nigel Bradham,LB,48.6,2,False,,Algorithmic scoring
00-0036401,Shaun Bradley,LB,17.03,2,False,,Algorithmic scoring
00-0036643,K.J. Britt,LB,17.25,2,False,,Algorithmic scoring
00-0036409,Jordyn Brooks,LB,45.7,2,False,,Algorithmic scoring
00-0032422,Kentrell Brothers,LB,13.86,2,False,,Algorithmic scoring
00-0033841,Blair Brown,LB,15.06,2,False,,Algorithmic scoring
00-0036400,Cameron Brown,LB,14.13,2,False,,Algorithmic scoring
00-0032895,Jatavis Brown,LB,28.88,2,False,,Algorithmic scoring
00-0033954,Jayon Brown,LB,33.24,2,False,,Algorithmic scoring
00-0031171,Preston Brown,LB,37.96,2,False,,Algorithmic scoring
00-0029566,Zach Brown,LB,58.08,2,False,,Algorithmic scoring
00-0036995,Baron Browning,LB,38.02,2,False,,Algorithmic scoring
00-0031366,Deone Bucannon,LB,42.68,2,False,,Algorithmic scoring
00-0034754,Oren Burks,LB,33.14,2,False,,Algorithmic scoring
00-0038617,Amari Burney,LB,16.57,2,False,,Algorithmic scoring
00-0035713,Brian Burns,LB,58.71,2,False,,Algorithmic scoring
00-0035143,Ben Burr-Kirven,LB,11.89,2,False,,Algorithmic scoring
00-0035525,Devin Bush,LB,43.19,2,False,,Algorithmic scoring
00-0032401,De'Vondre Campbell,LB,58.23,2,False,,Algorithmic scoring
00-0039018,Jack Campbell,LB,38.23,2,False,,Algorithmic scoring
00-0027978,Bruce Carter,LB,43.83,2,False,,Algorithmic scoring
00-0034396,Jermaine Carter,LB,23.29,2,False,,Algorithmic scoring
00-0035276,Blake Cashman,LB,38.81,2,False,,Algorithmic scoring
00-0036286,K'Lavon Chaisson,LB,39.48,2,False,,Algorithmic scoring
00-0037819,Leo Chenal,LB,38.53,2,False,,Algorithmic scoring
00-0034832,Bradley Chubb,LB,58.12,2,False,,Algorithmic scoring
00-0034415,Jack Cichy,LB,14.9,2,False,,Algorithmic scoring
00-0037281,Damone Clark,LB,29.33,2,False,,Algorithmic scoring
00-0032210,Frank Clark,LB,57.06,2,False,,Algorithmic scoring
00-0031364,Jadeveon Clowney,LB,67.36,2,False,,Algorithmic scoring
00-0030421,Jamie Collins,LB,64.81,2,False,,Algorithmic scoring
00-0032262,Landon Collins,LB,65.15,2,False,,Algorithmic scoring
00-0036933,Zaven Collins,LB,45.71,2,False,,Algorithmic scoring
00-0035533,Ryan Connelly,LB,19.02,2,False,,Algorithmic scoring
00-0036952,Jonathon Cooper,LB,40.37,2,False,,Algorithmic scoring
00-0032386,Kamalei Correa,LB,29.05,2,False,,Algorithmic scoring
00-0036402,Carter Coughlin,LB,22.18,2,False,,Algorithmic scoring
00-0036882,Jabril Cox,LB,18.16,2,False,,Algorithmic scoring
00-0036167,Tae Crowder,LB,31.02,2,False,,Algorithmic scoring
00-0033547,Zach Cunningham,LB,41.14,2,False,,Algorithmic scoring
00-0029562,Lavonte David,LB,70.53,2,False,,Algorithmic scoring
00-0029607,Demario Davis,LB,77.24,2,False,,Algorithmic scoring
00-0036614,Jamin Davis,LB,45.84,2,False,,Algorithmic scoring
00-0033539,Jarrad Davis,LB,42.29,2,False,,Algorithmic scoring
00-0023448,Thomas Davis,LB,71.62,2,False,,Algorithmic scoring
00-0036298,Akeem Davis-Gaither,LB,31.53,2,False,,Algorithmic scoring
00-0036990,Divine Deablo,LB,32.82,2,False,,Algorithmic scoring
00-0037615,Nakobe Dean,LB,30.39,2,False,,Algorithmic scoring
00-0039049,SirVocea Dennis,LB,16.2,2,False,,Algorithmic scoring
00-0039068,Yaya Diaby,LB,40.57,2,False,,Algorithmic scoring
00-0036896,Victor Dimukeje,LB,22.41,2,False,,Algorithmic scoring
00-0034167,Devante Downs,LB,20.81,2,False,,Algorithmic scoring
00-0032146,Bud Dupree,LB,58.3,2,False,,Algorithmic scoring
00-0036338,Troy Dye,LB,26.89,2,False,,Algorithmic scoring
00-0031425,Dominique Easley,LB,30.33,2,False,,Algorithmic scoring
00-0038116,Arnold Ebiketie,LB,35.49,2,False,,Algorithmic scoring
00-0034673,Tremaine Edmunds,LB,65.47,2,False,,Algorithmic scoring
00-0035538,Emeke Egbule,LB,13.39,2,False,,Algorithmic scoring
00-0033468,Ukeme Eligwe,LB,18.04,2,False,,Algorithmic scoring
00-0035316,Kaden Elliss,LB,40.91,2,False,,Algorithmic scoring
00-0032110,Kyle Emanuel,LB,32.97,2,False,,Algorithmic scoring
00-0033790,Jordan Evans,LB,33.44,2,False,,Algorithmic scoring
00-0034743,Rashaan Evans,LB,39.34,2,False,,Algorithmic scoring
00-0032955,Kyler Fackrell,LB,39.59,2,False,,Algorithmic scoring
00-0035651,Jaylon Ferguson,LB,36.4,2,False,,Algorithmic scoring
00-0036634,Tony Fields II,LB,16.18,2,False,,Algorithmic scoring
00-0034404,Kylie Fitts,LB,17.78,2,False,,Algorithmic scoring
00-0031290,Marquis Flowers,LB,25.2,2,False,,Algorithmic scoring
00-0031566,Trey Flowers,LB,39.05,2,False,,Algorithmic scoring
00-0028022,Mason Foster,LB,43.9,2,False,,Algorithmic scoring
00-0033887,Reuben Foster,LB,23.62,2,False,,Algorithmic scoring
00-0034431,Zaire Franklin,LB,47.69,2,False,,Algorithmic scoring
00-0036362,Willie Gay Jr.,LB,46.39,2,False,,Algorithmic scoring
00-0033944,Ben Gedeon,LB,19.5,2,False,,Algorithmic scoring
00-0031018,Jeremiah George,LB,10.06,2,False,,Algorithmic scoring
00-0033577,Nate Gerry,LB,28.59,2,False,,Algorithmic scoring
00-0036305,Trevis Gipson,LB,36.13,2,False,,Algorithmic scoring
00-0036229,Jordan Glasgow,LB,10.75,2,False,,Algorithmic scoring
00-0032127,Markus Golden,LB,44.43,2,False,,Algorithmic scoring
00-0037315,Cameron Goode,LB,17.56,2,False,,Algorithmic scoring
00-0033121,B.J. Goodson,LB,32.79,2,False,,Algorithmic scoring
00-0036224,Jonathan Greenard,LB,45.86,2,False,,Algorithmic scoring
00-0034982,Dre Greenlaw,LB,35.44,2,False,,Algorithmic scoring
00-0032197,Randy Gregory,LB,41.53,2,False,,Algorithmic scoring
00-0034755,Shaquem Griffin,LB,17.7,2,False,,Algorithmic scoring
00-0032248,Bryce Hager,LB,18.67,2,False,,Algorithmic scoring
00-0034336,Shaun Dion Hamilton,LB,25.31,2,False,,Algorithmic scoring
00-0039076,Nick Hampton,LB,18.83,2,False,,Algorithmic scoring
00-0032060,Eli Harold,LB,33.49,2,False,,Algorithmic scoring
00-0033880,Charles Harris,LB,34.98,2,False,,Algorithmic scoring
00-0037823,Christian Harris,LB,35.73,2,False,,Algorithmic scoring
00-0007321,James Harrison,LB,71.1,2,False,,Algorithmic scoring
00-0036280,Malik Harrison,LB,30.51,2,False,,Algorithmic scoring
00-0033532,Josh Harvey-Clemons,LB,23.03,2,False,,Algorithmic scoring
00-0034382,Marquis Haynes,LB,24.81,2,False,,Algorithmic scoring
00-0032201,Ben Heeney,LB,18.45,2,False,,Algorithmic scoring
00-0038553,Daiyan Henley,LB,27.14,2,False,,Algorithmic scoring
00-0032129,Jordan Hicks,LB,48.81,2,False,,Algorithmic scoring
00-0036333,Alex Highsmith,LB,43.92,2,False,,Algorithmic scoring
00-0029669,Dont'a Hightower,LB,59.63,2,False,,Algorithmic scoring
00-0031348,Anthony Hitchens,LB,35.88,2,False,,Algorithmic scoring
00-0030385,Gerald Hodges,LB,33.82,2,False,,Algorithmic scoring
00-0035286,Cole Holcomb,LB,39.73,2,False,,Algorithmic scoring
00-0035591,Justin Hollins,LB,37.68,2,False,,Algorithmic scoring
00-0028008,Justin Houston,LB,77.19,2,False,,Algorithmic scoring
00-0034812,Travin Howard,LB,16.67,2,False,,Algorithmic scoring
00-0036343,Khaleke Hudson,LB,17.61,2,False,,Algorithmic scoring
00-0029193,Bruce Irvin,LB,55.94,2,False,,Algorithmic scoring
00-0034372,Joel Iyiegbuniwe,LB,15.44,2,False,,Algorithmic scoring
00-0032968,Myles Jack,LB,50.81,2,False,,Algorithmic scoring
00-0037271,D'Marco Jackson,LB,12.79,2,False,,Algorithmic scoring
00-0034428,Leon Jacobs,LB,27.57,2,False,,Algorithmic scoring
00-0034835,Malik Jefferson,LB,20.73,2,False,,Algorithmic scoring
00-0036193,Anfernee Jennings,LB,38.42,2,False,,Algorithmic scoring
00-0034368,Josey Jewell,LB,39.26,2,False,,Algorithmic scoring
00-0029310,Cam Johnson,LB,25.64,2,False,,Algorithmic scoring
00-0035306,Darryl Johnson,LB,27.43,2,False,,Algorithmic scoring
00-0023449,Derrick Johnson,LB,76.29,2,False,,Algorithmic scoring
00-0036870,Buddy Johnson,LB,16.6,2,False,,Algorithmic scoring
00-0037663,Jermaine Johnson II,LB,46.5,2,False,,Algorithmic scoring
00-0037084,Kyron Johnson,LB,12.48,2,False,,Algorithmic scoring
00-0036922,Patrick Johnson,LB,18.26,2,False,,Algorithmic scoring
00-0036432,Clay Johnston,LB,12.87,2,False,,Algorithmic scoring
00-0032388,Deion Jones,LB,51.96,2,False,,Algorithmic scoring
00-0035678,Dre'Mont Jones,LB,40.26,2,False,,Algorithmic scoring
00-0036994,Ernest Jones,LB,39.4,2,False,,Algorithmic scoring
00-0037007,Patrick Jones II,LB,30.22,2,False,,Algorithmic scoring
00-0032415,Matthew Judon,LB,56.34,2,False,,Algorithmic scoring
00-0034421,Peter Kalambayi,LB,20.0,2,False,,Algorithmic scoring
00-0036341,Khalid Kareem,LB,25.55,2,False,,Algorithmic scoring
00-0031554,Eric Kendricks,LB,68.03,2,False,,Algorithmic scoring
00-0029409,Mychal Kendricks,LB,51.92,2,False,,Algorithmic scoring
00-0031241,Devon Kennard,LB,42.8,2,False,,Algorithmic scoring
00-0034825,Arden Key,LB,38.52,2,False,,Algorithmic scoring
00-0032056,Hau'oli Kikaha,LB,28.05,2,False,,Algorithmic scoring
00-0031361,Christian Kirksey,LB,44.03,2,False,,Algorithmic scoring
00-0034806,Micah Kiser,LB,17.83,2,False,,Algorithmic scoring
00-0030463,A.J. Klein,LB,43.06,2,False,,Algorithmic scoring
00-0029248,Luke Kuechly,LB,75.54,2,False,,Algorithmic scoring
00-0034828,Harold Landry III,LB,56.97,2,False,,Algorithmic scoring
00-0034813,Justin Lawler,LB,21.76,2,False,,Algorithmic scoring
00-0033147,Darron Lee,LB,39.92,2,False,,Algorithmic scoring
00-0033973,Elijah Lee,LB,21.82,2,False,,Algorithmic scoring
00-0033956,Marquel Lee,LB,21.27,2,False,,Algorithmic scoring
00-0027663,Sean Lee,LB,65.76,2,False,,Algorithmic scoring
00-0034846,Shaquille Leonard,LB,65.4,2,False,,Algorithmic scoring
00-0036419,Terrell Lewis,LB,36.47,2,False,,Algorithmic scoring
00-0037244,Devin Lloyd,LB,37.66,2,False,,Algorithmic scoring
00-0035292,David Long Jr.,LB,31.24,2,False,,Algorithmic scoring
00-0037330,Jesse Luketa,LB,19.98,2,False,,Algorithmic scoring
00-0030993,Aaron Lynch,LB,41.09,2,False,,Algorithmic scoring
00-0031040,Khalil Mack,LB,79.42,2,False,,Algorithmic scoring
00-0038133,Boye Mafe,LB,44.66,2,False,,Algorithmic scoring
00-0037808,DeAngelo Malone,LB,24.72,2,False,,Algorithmic scoring
00-0039054,Marte Mapu,LB,25.71,2,False,,Algorithmic scoring
00-0031175,Cassius Marsh,LB,33.58,2,False,,Algorithmic scoring
00-0029620,Brandon Marshall,LB,36.73,2,False,,Algorithmic scoring
00-0036270,Kamal Martin,LB,20.9,2,False,,Algorithmic scoring
00-0031050,Kareem Martin,LB,37.15,2,False,,Algorithmic scoring
00-0032408,Blake Martinez,LB,41.56,2,False,,Algorithmic scoring
00-0032366,Tyler Matakevich,LB,16.03,2,False,,Algorithmic scoring
00-0027002,Clay Matthews,LB,76.61,2,False,,Algorithmic scoring
00-0031564,Lorenzo Mauldin,LB,27.2,2,False,,Algorithmic scoring
00-0031596,David Mayo,LB,33.81,2,False,,Algorithmic scoring
00-0036658,Isaiah McDuffie,LB,24.44,2,False,,Algorithmic scoring
00-0037259,Micah McFadden,LB,35.18,2,False,,Algorithmic scoring
00-0036644,Cameron McGrone,LB,13.89,2,False,,Algorithmic scoring
00-0031553,Benardrick McKinney,LB,58.59,2,False,,Algorithmic scoring
00-0033461,Raekwon McMillan,LB,32.96,2,False,,Algorithmic scoring
00-0028103,Pernell McPhee,LB,40.68,2,False,,Algorithmic scoring
00-0030387,Steven Means,LB,35.06,2,False,,Algorithmic scoring
00-0033571,Matt Milano,LB,54.99,2,False,,Algorithmic scoring
00-0027940,Von Miller,LB,78.87,2,False,,Algorithmic scoring
00-0030382,Kevin Minter,LB,33.44,2,False,,Algorithmic scoring
00-0027868,Derrick Morgan,LB,46.12,2,False,,Algorithmic scoring
00-0032406,Antonio Morrison,LB,25.66,2,False,,Algorithmic scoring
00-0031296,C.J. Mosley,LB,57.36,2,False,,Algorithmic scoring
00-0037811,Chad Muma,LB,26.92,2,False,,Algorithmic scoring
00-0036441,"Kenneth Murray, Jr.",LB,49.19,2,False,,Algorithmic scoring
00-0036368,Tanner Muse,LB,16.61,2,False,,Algorithmic scoring
00-0036503,Hamsah Nasirildeen,LB,10.98,2,False,,Algorithmic scoring
00-0033129,Carl Nassib,LB,42.12,2,False,,Algorithmic scoring
00-0035254,Anthony Nelson,LB,37.35,2,False,,Algorithmic scoring
00-0031350,Corey Nelson,LB,19.9,2,False,,Algorithmic scoring
00-0034350,Uchenna Nwosu,LB,42.91,2,False,,Algorithmic scoring
00-0031961,Mark Nzeocha,LB,24.02,2,False,,Algorithmic scoring
00-0034781,Dorian O'Daniel,LB,15.47,2,False,,Algorithmic scoring
00-0030527,Alec Ogletree,LB,50.17,2,False,,Algorithmic scoring
00-0036949,Adetokunbo Ogundeji,LB,24.88,2,False,,Algorithmic scoring
00-0038142,David Ojabo,LB,29.46,2,False,,Algorithmic scoring
00-0036552,Azeez Ojulari,LB,31.45,2,False,,Algorithmic scoring
00-0039155,BJ Ojulari,LB,25.47,2,False,,Algorithmic scoring
00-0035687,Bobby Okereke,LB,43.37,2,False,,Algorithmic scoring
00-0034413,Foye Oluokun,LB,45.73,2,False,,Algorithmic scoring
00-0026989,Brian Orakpo,LB,64.42,2,False,,Algorithmic scoring
00-0036940,Odafe Oweh,LB,48.88,2,False,,Algorithmic scoring
00-0036915,Jeremiah Owusu-Koramoah,LB,47.19,2,False,,Algorithmic scoring
00-0030104,Nate Palmer,LB,27.5,2,False,,Algorithmic scoring
00-0038600,Owen Pappoe,LB,14.99,2,False,,Algorithmic scoring
00-0036932,Micah Parsons,LB,67.19,2,False,,Algorithmic scoring
00-0029408,Nick Perry,LB,50.98,2,False,,Algorithmic scoring
00-0032103,Denzel Perryman,LB,48.32,2,False,,Algorithmic scoring
00-0036276,Jacob Phillips,LB,23.6,2,False,,Algorithmic scoring
00-0036934,Jaelan Phillips,LB,47.77,2,False,,Algorithmic scoring
00-0031308,Kevin Pierre-Louis,LB,31.89,2,False,,Algorithmic scoring
00-0027867,Jason Pierre-Paul,LB,75.44,2,False,,Algorithmic scoring
00-0035697,Germaine Pratt,LB,47.62,2,False,,Algorithmic scoring
00-0032171,Hayes Pullard,LB,16.32,2,False,,Algorithmic scoring
00-0036235,Shaquille Quarterman,LB,11.72,2,False,,Algorithmic scoring
00-0036323,Patrick Queen,LB,54.09,2,False,,Algorithmic scoring
00-0033058,Reggie Ragland,LB,35.54,2,False,,Algorithmic scoring
00-0032221,Shane Ray,LB,34.09,2,False,,Algorithmic scoring
00-0033875,Haason Reddick,LB,54.24,2,False,,Algorithmic scoring
00-0027980,Brooks Reed,LB,44.97,2,False,,Algorithmic scoring
00-0037000,Monty Rice,LB,17.47,2,False,,Algorithmic scoring
00-0033549,Duke Riley,LB,29.69,2,False,,Algorithmic scoring
00-0036426,Alton Robinson,LB,25.85,2,False,,Algorithmic scoring
00-0031624,Edmond Robinson,LB,18.41,2,False,,Algorithmic scoring
00-0037316,Mark Robinson,LB,17.27,2,False,,Algorithmic scoring
00-0036845,Quincy Roche,LB,22.0,2,False,,Algorithmic scoring
00-0036434,Chapelle Russell,LB,9.02,2,False,,Algorithmic scoring
00-0031578,Jake Ryan,LB,27.83,2,False,,Algorithmic scoring
00-0039003,Drew Sanders,LB,22.88,2,False,,Algorithmic scoring
00-0037751,Myjai Sanders,LB,24.25,2,False,,Algorithmic scoring
00-0033125,Joe Schobert,LB,49.72,2,False,,Algorithmic scoring
00-0038390,Noah Sewell,LB,13.79,2,False,,Algorithmic scoring
00-0031365,Ryan Shazier,LB,49.93,2,False,,Algorithmic scoring
00-0028006,Kelvin Sheppard,LB,39.72,2,False,,Algorithmic scoring
00-0036500,Jamien Sherwood,LB,23.64,2,False,,Algorithmic scoring
00-0036356,Isaiah Simmons,LB,51.32,2,False,,Algorithmic scoring
00-0030442,John Simon,LB,46.57,2,False,,Algorithmic scoring
00-0038504,Trenton Simpson,LB,28.34,2,False,,Algorithmic scoring
00-0034430,Andre Smith,LB,15.69,2,False,,Algorithmic scoring
00-0031264,Chris Smith,LB,29.91,2,False,,Algorithmic scoring
00-0033052,Jaylon Smith,LB,53.69,2,False,,Algorithmic scoring
00-0031371,Marcus Smith,LB,28.92,2,False,,Algorithmic scoring
00-0039013,Nolan Smith,LB,31.78,2,False,,Algorithmic scoring
00-0034874,Roquan Smith,LB,72.81,2,False,,Algorithmic scoring
00-0031309,Telvin Smith,LB,51.29,2,False,,Algorithmic scoring
00-0031945,Martrell Spaight,LB,19.1,2,False,,Algorithmic scoring
00-0037318,Baylon Spector,LB,17.03,2,False,,Algorithmic scoring
00-0036428,Justin Strnad,LB,20.35,2,False,,Algorithmic scoring
00-0029629,Nate Stupar,LB,26.59,2,False,,Algorithmic scoring
00-0022161,Terrell Suggs,LB,76.36,2,False,,Algorithmic scoring
00-0034999,Ty Summers,LB,21.15,2,False,,Algorithmic scoring
00-0037003,Chazz Surratt,LB,15.18,2,False,,Algorithmic scoring
00-0034381,Josh Sweat,LB,59.58,2,False,,Algorithmic scoring
00-0035646,Sione Takitaki,LB,37.45,2,False,,Algorithmic scoring
00-0035240,Jahlani Tavai,LB,47.01,2,False,,Algorithmic scoring
00-0036393,Davion Taylor,LB,17.45,2,False,,Algorithmic scoring
00-0030278,Manti Te'o,LB,33.3,2,False,,Algorithmic scoring
00-0037611,Kayvon Thibodeaux,LB,43.74,2,False,,Algorithmic scoring
00-0034420,Jordan Thomas,LB,18.83,2,False,,Algorithmic scoring
00-0037813,Channing Tindall,LB,19.86,2,False,,Algorithmic scoring
00-0038599,Henry To'oTo'o,LB,24.71,2,False,,Algorithmic scoring
00-0029289,Korey Toomer,LB,28.63,2,False,,Algorithmic scoring
00-0035262,Drue Tranquill,LB,42.7,2,False,,Algorithmic scoring
00-0029577,Danny Trevathan,LB,38.89,2,False,,Algorithmic scoring
00-0039111,Tuli Tuipulotu,LB,39.66,2,False,,Algorithmic scoring
00-0036440,Derrek Tuszka,LB,18.81,2,False,,Algorithmic scoring
00-0036159,Joshua Uche,LB,31.68,2,False,,Algorithmic scoring
00-0033580,Tanner Vallejo,LB,18.43,2,False,,Algorithmic scoring
00-0034674,Leighton Vander Esch,LB,56.83,2,False,,Algorithmic scoring
00-0032892,Nick Vigil,LB,36.87,2,False,,Algorithmic scoring
00-0029255,Bobby Wagner,LB,74.63,2,False,,Algorithmic scoring
00-0026307,Erik Walden,LB,48.18,2,False,,Algorithmic scoring
00-0033570,Anthony Walker,LB,36.9,2,False,,Algorithmic scoring
00-0037074,Quay Walker,LB,43.64,2,False,,Algorithmic scoring
00-0032809,Joe Walker,LB,21.12,2,False,,Algorithmic scoring
00-0036300,Mykal Walker,LB,30.51,2,False,,Algorithmic scoring
00-0036844,Garret Wallow,LB,14.08,2,False,,Algorithmic scoring
00-0033046,Jihad Ward,LB,37.01,2,False,,Algorithmic scoring
00-0034815,Fred Warner,LB,68.7,2,False,,Algorithmic scoring
00-0027812,Dekoda Watson,LB,36.34,2,False,,Algorithmic scoring
00-0033886,T.J. Watt,LB,75.26,2,False,,Algorithmic scoring
00-0036927,Pete Werner,LB,39.63,2,False,,Algorithmic scoring
00-0035707,Devin White,LB,62.87,2,False,,Algorithmic scoring
00-0034375,Kyzir White,LB,43.92,2,False,,Algorithmic scoring
00-0029212,Tahir Whitehead,LB,41.33,2,False,,Algorithmic scoring
00-0038557,Dorian Williams,LB,22.72,2,False,,Algorithmic scoring
00-0035680,Quincy Williams,LB,49.99,2,False,,Algorithmic scoring
00-0033915,Tim Williams,LB,20.25,2,False,,Algorithmic scoring
00-0030434,Vince Williams,LB,42.77,2,False,,Algorithmic scoring
00-0031263,Avery Williamson,LB,43.28,2,False,,Algorithmic scoring
00-0032215,Damien Wilson,LB,40.36,2,False,,Algorithmic scoring
00-0036294,Logan Wilson,LB,43.59,2,False,,Algorithmic scoring
00-0035144,Mack Wilson,LB,39.26,2,False,,Algorithmic scoring
00-0031943,Ramik Wilson,LB,23.85,2,False,,Algorithmic scoring
00-0038625,Dee Winters,LB,12.87,2,False,,Algorithmic scoring
00-0036335,D.J. Wonnum,LB,40.23,2,False,,Algorithmic scoring
00-0028037,K.J. Wright,LB,58.07,2,False,,Algorithmic scoring
00-0035708,Oshane Ximines,LB,27.04,2,False,,Algorithmic scoring
00-0034266,Kenny Young,LB,32.37,2,False,,Algorithmic scoring
00-0035693,Johnathan Abram,DB,39.29,2,False,,Algorithmic scoring
00-0031186,Kenneth Acker,DB,32.23,2,False,,Algorithmic scoring
00-0035677,Nasir Adderley,DB,37.07,2,False,,Algorithmic scoring
00-0036937,Paulson Adebo,DB,43.43,2,False,,Algorithmic scoring
00-0034728,Jaire Alexander,DB,54.48,2,False,,Algorithmic scoring
00-0032389,Mackensie Alexander,DB,32.85,2,False,,Algorithmic scoring
00-0030528,Robert Alford,DB,47.05,2,False,,Algorithmic scoring
00-0033467,Brian Allen,DB,17.3,2,False,,Algorithmic scoring
00-0031181,Ricardo Allen,DB,29.89,2,False,,Algorithmic scoring
00-0035142,Ugo Amadi,DB,19.34,2,False,,Algorithmic scoring
00-0030420,David Amerson,DB,44.89,2,False,,Algorithmic scoring
00-0031584,Adrian Amos,DB,38.97,2,False,,Algorithmic scoring
00-0027957,Prince Amukamara,DB,53.25,2,False,,Algorithmic scoring
00-0034334,Troy Apke,DB,35.26,2,False,,Algorithmic scoring
00-0032379,Eli Apple,DB,49.07,2,False,,Algorithmic scoring
00-0038119,Jalyn Armour-Davis,DB,21.53,2,False,,Algorithmic scoring
00-0034792,Cornell Armstrong,DB,18.52,2,False,,Algorithmic scoring
00-0038646,Alex Austin,DB,12.36,2,False,,Algorithmic scoring
00-0035294,Blessuan Austin,DB,24.16,2,False,,Algorithmic scoring
00-0034265,Anthony Averett,DB,29.39,2,False,,Algorithmic scoring
00-0033548,Chidobe Awuzie,DB,42.04,2,False,,Algorithmic scoring
00-0033890,Budda Baker,DB,60.31,2,False,,Algorithmic scoring
00-0035684,Deandre Baker,DB,18.08,2,False,,Algorithmic scoring
00-0035633,Corey Ballentine,DB,24.11,2,False,,Algorithmic scoring
00-0039000,Deonte Banks,DB,42.21,2,False,,Algorithmic scoring
00-0030469,Johnthan Banks,DB,29.62,2,False,,Algorithmic scoring
00-0034675,Jessie Bates,DB,56.51,2,False,,Algorithmic scoring
00-0038560,Jordan Battle,DB,25.47,2,False,,Algorithmic scoring
00-0032939,Vonn Bell,DB,41.6,2,False,,Algorithmic scoring
00-0038123,Dane Belton,DB,33.75,2,False,,Algorithmic scoring
00-0037288,Christian Benford,DB,37.33,2,False,,Algorithmic scoring
00-0039072,Jakorian Bennett,DB,27.64,2,False,,Algorithmic scoring
00-0031262,Bene' Benwikere,DB,24.74,2,False,,Algorithmic scoring
00-0027858,Eric Berry,DB,75.94,2,False,,Algorithmic scoring
00-0024421,Antoine Bethea,DB,59.65,2,False,,Algorithmic scoring
00-0036253,Julian Blackmon,DB,44.42,2,False,,Algorithmic scoring
00-0035139,Marquise Blair,DB,19.35,2,False,,Algorithmic scoring
00-0037275,DaRon Bland,DB,62.27,2,False,,Algorithmic scoring
00-0029575,Robert Blanton,DB,18.33,2,False,,Algorithmic scoring
00-0038130,Andrew Booth,DB,22.03,2,False,,Algorithmic scoring
00-0031261,Tre Boston,DB,38.65,2,False,,Algorithmic scoring
00-0035150,Kris Boyd,DB,18.74,2,False,,Algorithmic scoring
00-0029416,Brandon Boykin,DB,34.41,2,False,,Algorithmic scoring
00-0032890,James Bradberry,DB,55.84,2,False,,Algorithmic scoring
00-0039141,Brian Branch,DB,37.85,2,False,,Algorithmic scoring
00-0031052,Bashaud Breeland,DB,34.61,2,False,,Algorithmic scoring
00-0038135,Jaquan Brisker,DB,32.0,2,False,,Algorithmic scoring
00-0031338,Terrence Brooks,DB,33.99,2,False,,Algorithmic scoring
00-0033047,Anthony Brown,DB,43.18,2,False,,Algorithmic scoring
00-0038554,Ji'Ayir Brown,DB,17.33,2,False,,Algorithmic scoring
00-0037313,Montaric Brown,DB,17.65,2,False,,Algorithmic scoring
00-0039002,Sydney Brown,DB,27.21,2,False,,Algorithmic scoring
00-0036885,Tre Brown,DB,25.49,2,False,,Algorithmic scoring
00-0038136,Coby Bryant,DB,27.69,2,False,,Algorithmic scoring
00-0036421,Terrell Burgess,DB,16.0,2,False,,Algorithmic scoring
00-0027676,Morgan Burnett,DB,46.43,2,False,,Algorithmic scoring
00-0033103,Artie Burns,DB,31.03,2,False,,Algorithmic scoring
00-0032403,Juston Burris,DB,31.81,2,False,,Algorithmic scoring
00-0032774,Deon Bush,DB,19.66,2,False,,Algorithmic scoring
00-0038100,Percy Butler,DB,23.05,2,False,,Algorithmic scoring
00-0036629,Camryn Bynum,DB,30.59,2,False,,Algorithmic scoring
00-0032198,Ibraheim Campbell,DB,18.99,2,False,,Algorithmic scoring
00-0036974,Tyson Campbell,DB,42.05,2,False,,Algorithmic scoring
00-0032438,Maurice Canady,DB,23.57,2,False,,Algorithmic scoring
00-0027124,Don Carey,DB,28.61,2,False,,Algorithmic scoring
00-0026280,Brandon Carr,DB,51.39,2,False,,Algorithmic scoring
00-0036501,Michael Carter II,DB,25.65,2,False,,Algorithmic scoring
00-0027733,Kam Chancellor,DB,48.1,2,False,,Algorithmic scoring
00-0032786,Marqui Christian,DB,19.74,2,False,,Algorithmic scoring
00-0027010,Patrick Chung,DB,43.31,2,False,,Algorithmic scoring
00-0036941,Andre Cisco,DB,42.72,2,False,,Algorithmic scoring
00-0029676,Morris Claiborne,DB,35.36,2,False,,Algorithmic scoring
00-0033294,Chuck Clark,DB,31.15,2,False,,Algorithmic scoring
00-0038984,Kei'Trel Clark,DB,20.81,2,False,,Algorithmic scoring
00-0036316,Chris Claybrooks,DB,16.82,2,False,,Algorithmic scoring
00-0031333,Ha Ha Clinton-Dix,DB,49.73,2,False,,Algorithmic scoring
00-0031016,Ross Cockrell,DB,31.78,2,False,,Algorithmic scoring
00-0033302,Adrian Colbert,DB,26.15,2,False,,Algorithmic scoring
00-0027835,Kurt Coleman,DB,48.66,2,False,,Algorithmic scoring
00-0031552,Jalen Collins,DB,27.27,2,False,,Algorithmic scoring
00-0031259,Aaron Colvin,DB,21.42,2,False,,Algorithmic scoring
00-0033882,Gareon Conley,DB,33.64,2,False,,Algorithmic scoring
00-0038982,Chamarri Conner,DB,28.1,2,False,,Algorithmic scoring
00-0028031,Chris Conte,DB,44.45,2,False,,Algorithmic scoring
00-0037193,Bryan Cook,DB,36.4,2,False,,Algorithmic scoring
00-0032767,Su'a Cravens,DB,17.39,2,False,,Algorithmic scoring
00-0035293,Xavier Crawford,DB,13.89,2,False,,Algorithmic scoring
00-0037616,Nick Cross,DB,40.4,2,False,,Algorithmic scoring
00-0036349,Kam Curl,DB,28.6,2,False,,Algorithmic scoring
00-0030538,Johnathan Cyprien,DB,32.53,2,False,,Algorithmic scoring
00-0036330,Cameron Dantzler,DB,23.42,2,False,,Algorithmic scoring
00-0032195,Ronald Darby,DB,49.71,2,False,,Algorithmic scoring
00-0034778,Carlton Davis III,DB,40.18,2,False,,Algorithmic scoring
00-0033053,Sean Davis,DB,40.67,2,False,,Algorithmic scoring
00-0027001,Vontae Davis,DB,60.18,2,False,,Algorithmic scoring
00-0034744,Duke Dawson,DB,18.87,2,False,,Algorithmic scoring
00-0035699,Jamel Dean,DB,52.6,2,False,,Algorithmic scoring
00-0036282,Grant Delpit,DB,46.61,2,False,,Algorithmic scoring
00-0031380,Darqueze Dennard,DB,32.03,2,False,,Algorithmic scoring
00-0031331,Pierre Desir,DB,32.98,2,False,,Algorithmic scoring
00-0031608,Quandre Diggs,DB,46.15,2,False,,Algorithmic scoring
00-0036361,Trevon Diggs,DB,68.33,2,False,,Algorithmic scoring
00-0032136,Lorenzo Doss,DB,9.17,2,False,,Algorithmic scoring
00-0033551,Rasul Douglas,DB,40.21,2,False,,Algorithmic scoring
00-0036231,Kyle Dugger,DB,47.34,2,False,,Algorithmic scoring
00-0034858,Terrell Edmunds,DB,47.15,2,False,,Algorithmic scoring
00-0035681,Mike Edwards,DB,30.11,2,False,,Algorithmic scoring
00-0037242,Kaiir Elam,DB,34.92,2,False,,Algorithmic scoring
00-0033289,Corn Elder,DB,10.64,2,False,,Algorithmic scoring
00-0034277,DeShon Elliott,DB,31.16,2,False,,Algorithmic scoring
00-0037250,Martin Emerson,DB,34.28,2,False,,Algorithmic scoring
00-0034993,Marcus Epps,DB,33.67,2,False,,Algorithmic scoring
00-0038101,Akayleb Evans,DB,27.84,2,False,,Algorithmic scoring
00-0033898,Justin Evans,DB,36.36,2,False,,Algorithmic scoring
00-0031267,Antone Exum,DB,15.64,2,False,,Algorithmic scoring
00-0036615,Caleb Farley,DB,25.6,2,False,,Algorithmic scoring
00-0035147,Rashad Fenton,DB,17.43,2,False,,Algorithmic scoring
00-0034789,Minkah Fitzpatrick,DB,69.93,2,False,,Algorithmic scoring
00-0037758,Cordale Flott,DB,30.51,2,False,,Algorithmic scoring
00-0034756,Tre Flowers,DB,37.33,2,False,,Algorithmic scoring
00-0039151,Emmanuel Forbes,DB,32.53,2,False,,Algorithmic scoring
00-0033792,Rudy Ford,DB,37.11,2,False,,Algorithmic scoring
00-0036638,Darrick Forrest,DB,33.37,2,False,,Algorithmic scoring
00-0033048,Kavon Frazier,DB,16.36,2,False,,Algorithmic scoring
00-0036431,Jordan Fuller,DB,31.02,2,False,,Algorithmic scoring
00-0033084,Kendall Fuller,DB,45.75,2,False,,Algorithmic scoring
00-0031041,Kyle Fuller,DB,66.08,2,False,,Algorithmic scoring
00-0036416,Kristian Fulton,DB,34.95,2,False,,Algorithmic scoring
00-0031394,E.J. Gaines,DB,33.11,2,False,,Algorithmic scoring
00-0031015,Phillip Gaines,DB,32.1,2,False,,Algorithmic scoring
00-0037190,Sauce Gardner,DB,60.79,2,False,,Algorithmic scoring
00-0035253,C.J. Gardner-Johnson,DB,42.51,2,False,,Algorithmic scoring
00-0034362,Rashaan Gaulden,DB,9.47,2,False,,Algorithmic scoring
00-0025557,William Gay,DB,44.01,2,False,,Algorithmic scoring
00-0031571,Clayton Geathers,DB,28.52,2,False,,Algorithmic scoring
00-0027988,Marcus Gilchrist,DB,47.27,2,False,,Algorithmic scoring
00-0036380,Alohi Gilman,DB,21.84,2,False,,Algorithmic scoring
00-0029542,Stephon Gilmore,DB,75.15,2,False,,Algorithmic scoring
00-0036324,Jeff Gladney,DB,19.78,2,False,,Algorithmic scoring
00-0039147,Christian Gonzalez,DB,40.7,2,False,,Algorithmic scoring
00-0031080,Demetri Goodson,DB,12.07,2,False,,Algorithmic scoring
00-0038111,Kyler Gordon,DB,32.51,2,False,,Algorithmic scoring
00-0036961,Richie Grant,DB,30.51,2,False,,Algorithmic scoring
00-0033059,T.J. Green,DB,30.2,2,False,,Algorithmic scoring
00-0033926,Shaquill Griffin,DB,56.74,2,False,,Algorithmic scoring
00-0027860,Joe Haden,DB,53.12,2,False,,Algorithmic scoring
00-0033568,Nate Hairston,DB,20.78,2,False,,Algorithmic scoring
00-0036241,Bryce Hall,DB,32.28,2,False,,Algorithmic scoring
00-0036956,Darren Hall,DB,21.13,2,False,,Algorithmic scoring
00-0032776,Deiondre' Hall,DB,27.45,2,False,,Algorithmic scoring
00-0025405,Leon Hall,DB,53.36,2,False,,Algorithmic scoring
00-0038038,Kyle Hamilton,DB,56.65,2,False,,Algorithmic scoring
00-0036888,Damar Hamlin,DB,19.69,2,False,,Algorithmic scoring
00-0036344,Harrison Hand,DB,17.34,2,False,,Algorithmic scoring
00-0032758,Vernon Hargreaves III,DB,36.61,2,False,,Algorithmic scoring
00-0030383,Duron Harmon,DB,49.28,2,False,,Algorithmic scoring
00-0034388,Davontae Harris,DB,16.63,2,False,,Algorithmic scoring
00-0034730,Marcell Harris,DB,27.31,2,False,,Algorithmic scoring
00-0035655,Will Harris,DB,40.08,2,False,,Algorithmic scoring
00-0034779,Ronnie Harrison,DB,41.23,2,False,,Algorithmic scoring
00-0036302,Jaylinn Hawkins,DB,33.87,2,False,,Algorithmic scoring
00-0038403,Tre Hawkins III,DB,26.56,2,False,,Algorithmic scoring
00-0030572,D.J. Hayden,DB,40.77,2,False,,Algorithmic scoring
00-0039051,Josh Hayes,DB,18.95,2,False,,Algorithmic scoring
00-0029261,Casey Hayward,DB,52.45,2,False,,Algorithmic scoring
00-0036281,C.J. Henderson,DB,40.96,2,False,,Algorithmic scoring
00-0037096,Elijah Hicks,DB,19.46,2,False,,Algorithmic scoring
00-0037743,Daxton Hill,DB,31.72,2,False,,Algorithmic scoring
00-0036871,Nate Hobbs,DB,35.73,2,False,,Algorithmic scoring
00-0036998,Jevon Holland,DB,39.44,2,False,,Algorithmic scoring
00-0034990,Ka'dar Hollman,DB,19.38,2,False,,Algorithmic scoring
00-0037095,Christian Holmes,DB,20.69,2,False,,Algorithmic scoring
00-0036394,Darnay Holmes,DB,28.7,2,False,,Algorithmic scoring
00-0033877,Malik Hooker,DB,50.87,2,False,,Algorithmic scoring
00-0036944,Jaycee Horn,DB,52.64,2,False,,Algorithmic scoring
00-0028069,Davon House,DB,35.7,2,False,,Algorithmic scoring
00-0033050,Xavien Howard,DB,60.51,2,False,,Algorithmic scoring
00-0038588,Jordan Howden,DB,21.53,2,False,,Algorithmic scoring
00-0036564,Talanoa Hufanga,DB,47.06,2,False,,Algorithmic scoring
00-0031059,Marqueston Huff,DB,18.79,2,False,,Algorithmic scoring
00-0034843,Mike Hughes,DB,22.64,2,False,,Algorithmic scoring
00-0033281,Marlon Humphrey,DB,74.35,2,False,,Algorithmic scoring
00-0029215,George Iloka,DB,36.31,2,False,,Algorithmic scoring
00-0030427,Kemal Ishmael,DB,36.53,2,False,,Algorithmic scoring
00-0038642,D.J. Ivey,DB,19.07,2,False,,Algorithmic scoring
00-0036240,Chris Jackson,DB,17.19,2,False,,Algorithmic scoring
00-0036166,Dane Jackson,DB,18.97,2,False,,Algorithmic scoring
00-0034356,Donte Jackson,DB,50.94,2,False,,Algorithmic scoring
00-0033784,Eddie Jackson,DB,67.75,2,False,,Algorithmic scoring
00-0027872,Kareem Jackson,DB,51.84,2,False,,Algorithmic scoring
00-0037301,Theo Jackson,DB,26.82,2,False,,Algorithmic scoring
00-0033107,William Jackson,DB,43.82,2,False,,Algorithmic scoring
00-0034398,Natrell Jamerson,DB,18.35,2,False,,Algorithmic scoring
00-0034790,Derwin James,DB,71.0,2,False,,Algorithmic scoring
00-0036645,Shemar Jean-Charles,DB,19.8,2,False,,Algorithmic scoring
00-0026990,Malcolm Jenkins,DB,54.4,2,False,,Algorithmic scoring
00-0033941,Rayshawn Jenkins,DB,43.57,2,False,,Algorithmic scoring
00-0031061,Dontae Johnson,DB,37.04,2,False,,Algorithmic scoring
00-0034980,Isaiah Johnson,DB,25.06,2,False,,Algorithmic scoring
00-0036292,Jaylon Johnson,DB,45.36,2,False,,Algorithmic scoring
00-0033927,John Johnson,DB,39.52,2,False,,Algorithmic scoring
00-0031548,Kevin Johnson,DB,26.06,2,False,,Algorithmic scoring
00-0035244,Lonnie Johnson,DB,34.52,2,False,,Algorithmic scoring
00-0037198,Nazeeh Johnson,DB,17.45,2,False,,Algorithmic scoring
00-0034376,Taron Johnson,DB,33.18,2,False,,Algorithmic scoring
00-0029690,Trumaine Johnson,DB,48.41,2,False,,Algorithmic scoring
00-0036221,Brandon Jones,DB,41.28,2,False,,Algorithmic scoring
00-0032239,Byron Jones,DB,54.09,2,False,,Algorithmic scoring
00-0038039,Jack Jones,DB,30.17,2,False,,Algorithmic scoring
00-0038407,Jaylon Jones,DB,25.46,2,False,,Algorithmic scoring
00-0033903,Josh Jones,DB,39.5,2,False,,Algorithmic scoring
00-0027762,Reshad Jones,DB,57.6,2,False,,Algorithmic scoring
00-0033543,Sidney Jones,DB,29.89,2,False,,Algorithmic scoring
00-0024239,Johnathan Joseph,DB,64.24,2,False,,Algorithmic scoring
00-0032888,Karl Joseph,DB,32.81,2,False,,Algorithmic scoring
00-0036935,Kelvin Joseph,DB,25.93,2,False,,Algorithmic scoring
00-0037667,Kerby Joseph,DB,57.42,2,False,,Algorithmic scoring
00-0031389,Lamarcus Joyner,DB,33.98,2,False,,Algorithmic scoring
00-0033512,Damontae Kazee,DB,33.43,2,False,,Algorithmic scoring
00-0032454,Jayron Kearse,DB,30.33,2,False,,Algorithmic scoring
00-0037842,Derion Kendrick,DB,26.37,2,False,,Algorithmic scoring
00-0036385,Bopete Keyes,DB,18.29,2,False,,Algorithmic scoring
00-0032399,Miles Killebrew,DB,43.87,2,False,,Algorithmic scoring
00-0033076,Derrick Kindred,DB,25.35,2,False,,Algorithmic scoring
00-0031630,Akeem King,DB,21.86,2,False,,Algorithmic scoring
00-0033524,Kevin King,DB,47.0,2,False,,Algorithmic scoring
00-0029560,Dre Kirkpatrick,DB,44.5,2,False,,Algorithmic scoring
00-0037841,Quentin Lake,DB,17.18,2,False,,Algorithmic scoring
00-0033874,Marshon Lattimore,DB,63.07,2,False,,Algorithmic scoring
00-0031176,Nevin Lawson,DB,23.58,2,False,,Algorithmic scoring
00-0035650,Justin Layne,DB,19.9,2,False,,Algorithmic scoring
00-0036563,Deommodore Lenoir,DB,30.92,2,False,,Algorithmic scoring
00-0037320,Deane Leonard,DB,19.0,2,False,,Algorithmic scoring
00-0027736,Kendrick Lewis,DB,30.12,2,False,,Algorithmic scoring
00-0031594,Tony Lippett,DB,24.41,2,False,,Algorithmic scoring
00-0034974,Julian Love,DB,44.36,2,False,,Algorithmic scoring
00-0033970,Shalom Luani,DB,8.34,2,False,,Algorithmic scoring
00-0037321,Chase Lucas,DB,14.03,2,False,,Algorithmic scoring
00-0032797,Jordan Lucas,DB,17.82,2,False,,Algorithmic scoring
00-0034377,Avonte Maddox,DB,34.99,2,False,,Algorithmic scoring
00-0032106,Craig Mager,DB,24.3,2,False,,Algorithmic scoring
00-0030459,Tyrann Mathieu,DB,62.61,2,False,,Algorithmic scoring
00-0038105,Damarri Mathis,DB,25.27,2,False,,Algorithmic scoring
00-0037747,Christian Matthew,DB,20.92,2,False,,Algorithmic scoring
00-0028111,Byron Maxwell,DB,40.55,2,False,,Algorithmic scoring
00-0033892,Marcus Maye,DB,46.97,2,False,,Algorithmic scoring
00-0031587,Bobby McCain,DB,36.66,2,False,,Algorithmic scoring
00-0037268,Zyon McCollum,DB,39.56,2,False,,Algorithmic scoring
00-0038125,Roger McCreary,DB,28.74,2,False,,Algorithmic scoring
00-0032212,Dexter McDonald,DB,21.37,2,False,,Algorithmic scoring
00-0030530,T.J. McDonald,DB,42.43,2,False,,Algorithmic scoring
00-0031414,Dexter McDougle,DB,16.64,2,False,,Algorithmic scoring
00-0037191,Trent McDuffie,DB,43.74,2,False,,Algorithmic scoring
00-0030556,Leon McFadden,DB,9.95,2,False,,Algorithmic scoring
00-0036388,Xavier McKinney,DB,56.22,2,False,,Algorithmic scoring
00-0036917,Zech McPhearson,DB,18.14,2,False,,Algorithmic scoring
00-0036993,Ifeatu Melifonwu,DB,32.05,2,False,,Algorithmic scoring
00-0036348,Josh Metellus,DB,26.47,2,False,,Algorithmic scoring
00-0032803,Jalen Mills,DB,32.55,2,False,,Algorithmic scoring
00-0038585,Cameron Mitchell,DB,14.33,2,False,,Algorithmic scoring
00-0031097,Terrance Mitchell,DB,26.34,2,False,,Algorithmic scoring
00-0036962,Tre'von Moehrig,DB,37.35,2,False,,Algorithmic scoring
00-0036992,Elijah Molden,DB,23.7,2,False,,Algorithmic scoring
00-0034263,Tarvarius Moore,DB,26.38,2,False,,Algorithmic scoring
00-0033918,Fabian Moreau,DB,47.22,2,False,,Algorithmic scoring
00-0035307,Jimmy Moreland,DB,21.82,2,False,,Algorithmic scoring
00-0038552,Riley Moss,DB,27.96,2,False,,Algorithmic scoring
00-0036661,Israel Mukuamu,DB,30.34,2,False,,Algorithmic scoring
00-0035695,Trayvon Mullen,DB,35.39,2,False,,Algorithmic scoring
00-0026944,Captain Munnerlyn,DB,44.16,2,False,,Algorithmic scoring
00-0035236,Byron Murphy,DB,45.84,2,False,,Algorithmic scoring
00-0035239,Sean Murphy-Bunting,DB,47.54,2,False,,Algorithmic scoring
00-0033038,Eric Murray,DB,34.09,2,False,,Algorithmic scoring
00-0032382,Keanu Neal,DB,41.85,2,False,,Algorithmic scoring
00-0025408,Reggie Nelson,DB,56.98,2,False,,Algorithmic scoring
00-0032150,Steven Nelson,DB,40.15,2,False,,Algorithmic scoring
00-0036996,Greg Newsome II,DB,39.2,2,False,,Algorithmic scoring
00-0033527,Montae Nicholson,DB,34.84,2,False,,Algorithmic scoring
00-0034274,Parry Nickerson,DB,21.56,2,False,,Algorithmic scoring
00-0029285,Josh Norman,DB,54.06,2,False,,Algorithmic scoring
00-0036846,Tre Norwood,DB,11.84,2,False,,Algorithmic scoring
00-0036390,Michael Ojemudia,DB,22.79,2,False,,Algorithmic scoring
00-0036274,Jeff Okudah,DB,36.13,2,False,,Algorithmic scoring
00-0034357,Isaiah Oliver,DB,34.09,2,False,,Algorithmic scoring
00-0035270,Amani Oruwariye,DB,41.75,2,False,,Algorithmic scoring
00-0033883,Jabrill Peppers,DB,42.4,2,False,,Algorithmic scoring
00-0032165,Marcus Peters,DB,65.75,2,False,,Algorithmic scoring
00-0027943,Patrick Peterson,DB,80.77,2,False,,Algorithmic scoring
00-0038568,Clark Phillips III,DB,13.59,2,False,,Algorithmic scoring
00-0034683,Darius Phillips,DB,24.05,2,False,,Algorithmic scoring
00-0036502,Jason Pinnock,DB,31.39,2,False,,Algorithmic scoring
00-0037246,Jalen Pitre,DB,38.82,2,False,,Algorithmic scoring
00-0039167,Joey Porter Jr.,DB,31.48,2,False,,Algorithmic scoring
00-0036299,Troy Pride,DB,19.8,2,False,,Algorithmic scoring
00-0027081,Glover Quin,DB,56.2,2,False,,Algorithmic scoring
00-0033055,Jalen Ramsey,DB,79.7,2,False,,Algorithmic scoring
00-0032251,Damarious Randall,DB,45.2,2,False,,Algorithmic scoring
00-0035663,Taylor Rapp,DB,45.17,2,False,,Algorithmic scoring
00-0031020,Keith Reaser,DB,20.25,2,False,,Algorithmic scoring
00-0033124,Will Redmond,DB,19.89,2,False,,Algorithmic scoring
00-0034977,Sheldrick Redwine,DB,27.31,2,False,,Algorithmic scoring
00-0034384,D.J. Reed,DB,32.78,2,False,,Algorithmic scoring
00-0030548,Eric Reid,DB,55.56,2,False,,Algorithmic scoring
00-0036304,John Reid,DB,12.95,2,False,,Algorithmic scoring
00-0034361,Justin Reid,DB,51.25,2,False,,Algorithmic scoring
00-0030575,Xavier Rhodes,DB,74.16,2,False,,Algorithmic scoring
00-0031559,Jordan Richards,DB,10.96,2,False,,Algorithmic scoring
00-0039140,Kelee Ringo,DB,29.39,2,False,,Algorithmic scoring
00-0031628,Darryl Roberts,DB,32.92,2,False,,Algorithmic scoring
00-0036375,Amik Robertson,DB,30.39,2,False,,Algorithmic scoring
00-0038587,Jammie Robinson,DB,6.1,2,False,,Algorithmic scoring
00-0029691,Josh Robinson,DB,41.85,2,False,,Algorithmic scoring
00-0027882,Patrick Robinson,DB,44.73,2,False,,Algorithmic scoring
00-0032410,Rashard Robinson,DB,24.46,2,False,,Algorithmic scoring
00-0031372,Bradley Roby,DB,48.9,2,False,,Algorithmic scoring
00-0036904,Robert Rochell,DB,27.17,2,False,,Algorithmic scoring
00-0026156,Dominique Rodgers-Cromartie,DB,70.69,2,False,,Algorithmic scoring
00-0031937,Quinten Rollins,DB,21.29,2,False,,Algorithmic scoring
00-0031555,Eric Rowe,DB,45.15,2,False,,Algorithmic scoring
00-0033091,KeiVarae Russell,DB,20.86,2,False,,Algorithmic scoring
00-0030411,Logan Ryan,DB,37.61,2,False,,Algorithmic scoring
00-0036617,Asante Samuel Jr.,DB,36.42,2,False,,Algorithmic scoring
00-0034968,Darnell Savage,DB,50.64,2,False,,Algorithmic scoring
00-0026283,Orlando Scandrick,DB,43.67,2,False,,Algorithmic scoring
00-0036303,Josiah Scott,DB,24.59,2,False,,Algorithmic scoring
00-0036243,Vernon Scott,DB,21.84,2,False,,Algorithmic scoring
00-0028038,Da'Norris Searcy,DB,31.12,2,False,,Algorithmic scoring
00-0029529,Coty Sensabaugh,DB,37.24,2,False,,Algorithmic scoring
00-0032942,Kevon Seymour,DB,20.26,2,False,,Algorithmic scoring
00-0032168,Josh Shaw,DB,28.31,2,False,,Algorithmic scoring
00-0035255,Kendall Sheffield,DB,21.7,2,False,,Algorithmic scoring
00-0035696,Duke Shelley,DB,21.21,2,False,,Algorithmic scoring
00-0032971,Justin Simmons,DB,55.6,2,False,,Algorithmic scoring
00-0032783,LeShaun Sims,DB,25.23,2,False,,Algorithmic scoring
00-0028075,Buster Skrine,DB,45.35,2,False,,Algorithmic scoring
00-0030062,Darius Slay,DB,74.08,2,False,,Algorithmic scoring
00-0039133,Cam Smith,DB,22.82,2,False,,Algorithmic scoring
00-0032069,Derron Smith,DB,8.25,2,False,,Algorithmic scoring
00-0029606,Harrison Smith,DB,68.44,2,False,,Algorithmic scoring
00-0027965,Jimmy Smith,DB,52.52,2,False,,Algorithmic scoring
00-0032772,Ryan Smith,DB,21.98,2,False,,Algorithmic scoring
00-0038395,Terell Smith,DB,25.41,2,False,,Algorithmic scoring
00-0036374,L'Jarius Sneed,DB,49.08,2,False,,Algorithmic scoring
00-0031383,Dezmen Southward,DB,32.73,2,False,,Algorithmic scoring
00-0036625,Benjamin St-Juste,DB,28.06,2,False,,Algorithmic scoring
00-0036987,Brandon Stephens,DB,36.86,2,False,,Algorithmic scoring
00-0036633,Caden Sterns,DB,35.98,2,False,,Algorithmic scoring
00-0039071,Tyrique Stevenson,DB,39.93,2,False,,Algorithmic scoring
00-0037237,Derek Stingley Jr.,DB,63.18,2,False,,Algorithmic scoring
00-0036901,Eric Stokes,DB,36.55,2,False,,Algorithmic scoring
00-0036199,Geno Stone,DB,27.45,2,False,,Algorithmic scoring
00-0034337,Greg Stroman,DB,20.62,2,False,,Algorithmic scoring
00-0036874,Pat Surtain II,DB,71.06,2,False,,Algorithmic scoring
00-0033930,Cameron Sutton,DB,31.51,2,False,,Algorithmic scoring
00-0030566,D.J. Swearinger,DB,36.34,2,False,,Algorithmic scoring
00-0033545,Teez Tabor,DB,9.98,2,False,,Algorithmic scoring
00-0026160,Aqib Talib,DB,75.79,2,False,,Algorithmic scoring
00-0033462,Cordrea Tankersley,DB,21.92,2,False,,Algorithmic scoring
00-0032057,Jaquiski Tartt,DB,37.68,2,False,,Algorithmic scoring
00-0038121,Alontae Taylor,DB,37.16,2,False,,Algorithmic scoring
00-0030484,Jamar Taylor,DB,38.18,2,False,,Algorithmic scoring
00-0036561,Keith Taylor,DB,14.41,2,False,,Algorithmic scoring
00-0037753,Cam Taylor-Britt,DB,42.66,2,False,,Algorithmic scoring
00-0036285,A.J. Terrell,DB,43.1,2,False,,Algorithmic scoring
00-0037008,Ambry Thomas,DB,31.32,2,False,,Algorithmic scoring
00-0037323,Rodney Thomas,DB,35.58,2,False,,Algorithmic scoring
00-0030412,Shamarko Thomas,DB,23.07,2,False,,Algorithmic scoring
00-0036315,Stantley Thomas-Oliver,DB,12.06,2,False,,Algorithmic scoring
00-0035532,Deionte Thompson,DB,21.97,2,False,,Algorithmic scoring
00-0033554,Tedric Thompson,DB,20.02,2,False,,Algorithmic scoring
00-0035625,Juan Thornhill,DB,47.75,2,False,,Algorithmic scoring
00-0030562,Desmond Trufant,DB,60.78,2,False,,Algorithmic scoring
00-0038549,DJ Turner II,DB,28.65,2,False,,Algorithmic scoring
00-0037264,Delarrin Turner-Yell,DB,17.69,2,False,,Algorithmic scoring
00-0030060,Kenny Vaccaro,DB,41.18,2,False,,Algorithmic scoring
00-0038408,Carrington Valentine,DB,26.71,2,False,,Algorithmic scoring
00-0027705,Alterraun Verner,DB,42.98,2,False,,Algorithmic scoring
00-0031334,Jason Verrett,DB,49.33,2,False,,Algorithmic scoring
00-0036307,Kindle Vildor,DB,26.71,2,False,,Algorithmic scoring
00-0036559,Shaun Wade,DB,21.18,2,False,,Algorithmic scoring
00-0034745,Tracy Walker III,DB,39.72,2,False,,Algorithmic scoring
00-0036395,K'Von Wallace,DB,20.92,2,False,,Algorithmic scoring
00-0034856,Denzel Ward,DB,62.43,2,False,,Algorithmic scoring
00-0031298,Jimmie Ward,DB,38.26,2,False,,Algorithmic scoring
00-0038578,Jay Ward,DB,10.32,2,False,,Algorithmic scoring
00-0031173,Jaylen Watkins,DB,23.15,2,False,,Algorithmic scoring
00-0037195,Jaylen Watson,DB,24.88,2,False,,Algorithmic scoring
00-0034680,Armani Watts,DB,17.99,2,False,,Algorithmic scoring
00-0031546,Trae Waynes,DB,47.74,2,False,,Algorithmic scoring
00-0030403,B.W. Webb,DB,30.07,2,False,,Algorithmic scoring
00-0030523,Kayvon Webster,DB,28.29,2,False,,Algorithmic scoring
00-0035318,Ken Webster,DB,19.17,2,False,,Algorithmic scoring
00-0033884,Tre'Davious White,DB,60.36,2,False,,Algorithmic scoring
00-0034374,Jordan Whitehead,DB,44.68,2,False,,Algorithmic scoring
00-0030543,J.J. Wilcox,DB,30.98,2,False,,Algorithmic scoring
00-0036573,Rachad Wildgoose,DB,8.68,2,False,,Algorithmic scoring
00-0035638,Greedy Williams,DB,37.06,2,False,,Algorithmic scoring
00-0032769,Brandon Williams,DB,21.44,2,False,,Algorithmic scoring
00-0039007,Garrett Williams,DB,29.04,2,False,,Algorithmic scoring
00-0035241,Joejuan Williams,DB,18.18,2,False,,Algorithmic scoring
00-0038043,Joshua Williams,DB,21.32,2,False,,Algorithmic scoring
00-0032059,P.J. Williams,DB,35.44,2,False,,Algorithmic scoring
00-0033894,Marcus Williams,DB,47.7,2,False,,Algorithmic scoring
00-0035530,Khari Willis,DB,27.42,2,False,,Algorithmic scoring
00-0035301,Donovan Wilson,DB,38.99,2,False,,Algorithmic scoring
00-0036884,Marco Wilson,DB,37.48,2,False,,Algorithmic scoring
00-0033544,Quincy Wilson,DB,20.85,2,False,,Algorithmic scoring
00-0036411,Antoine Winfield Jr.,DB,59.16,2,False,,Algorithmic scoring
00-0039169,Devon Witherspoon,DB,39.19,2,False,,Algorithmic scoring
00-0033783,Ahkello Witherspoon,DB,48.05,2,False,,Algorithmic scoring
00-0037830,Samuel Womack,DB,25.14,2,False,,Algorithmic scoring
00-0033579,Xavier Woods,DB,35.54,2,False,,Algorithmic scoring
00-0037079,Riq Woolen,DB,60.71,2,False,,Algorithmic scoring
00-0032891,Daryl Worley,DB,32.62,2,False,,Algorithmic scoring
00-0030541,Blidi Wreh-Wilson,DB,29.23,2,False,,Algorithmic scoring
00-0028027,Shareece Wright,DB,31.14,2,False,,Algorithmic scoring
00-0035637,Rock Ya-Sin,DB,28.64,2,False,,Algorithmic scoring
00-0037844,Russ Yeast,DB,18.76,2,False,,Algorithmic scoring
00-0034780,Isaac Yiadom,DB,29.92,2,False,,Algorithmic scoring
00-0032770,Tavon Young,DB,27.03,2,False,,Algorithmic scoring
00-0031381,Davante Adams,WR,76.47,2,False,,Algorithmic scoring
00-0038994,Jordan Addison,WR,23.75,2,False,,Algorithmic scoring
00-0031549,Nelson Agholor,WR,52.12,2,False,,Algorithmic scoring
00-0033572,Jamal Agnew,WR,45.04,2,False,,Algorithmic scoring
00-0028497,Kamar Aiken,WR,37.19,2,False,,Algorithmic scoring
00-0021915,Sam Aiken,WR,20.24,2,False,,Algorithmic scoring
00-0036261,Brandon Aiyuk,WR,45.92,2,False,,Algorithmic scoring
00-0027581,Seyi Ajirotutu,WR,14.82,2,False,,Algorithmic scoring
00-0027912,Danario Alexander,WR,27.26,2,False,,Algorithmic scoring
00-0000145,Derrick Alexander,WR,40.31,2,False,,Algorithmic scoring
00-0030279,Keenan Allen,WR,63.74,2,False,,Algorithmic scoring
00-0032626,Geronimo Allison,WR,23.47,2,False,,Algorithmic scoring
00-0026035,Danny Amendola,WR,43.38,2,False,,Algorithmic scoring
00-0024465,David Anderson,WR,17.03,2,False,,Algorithmic scoring
00-0020370,Scotty Anderson,WR,17.68,2,False,,Algorithmic scoring
00-0000387,Reidel Anthony,WR,25.51,2,False,,Algorithmic scoring
00-0035246,J.J. Arcega-Whiteside,WR,18.02,2,False,,Algorithmic scoring
00-0026465,Anthony Armstrong,WR,22.3,2,False,,Algorithmic scoring
00-0021406,Derick Armstrong,WR,19.06,2,False,,Algorithmic scoring
00-0024447,Devin Aromashodu,WR,30.13,2,False,,Algorithmic scoring
00-0036849,Tutu Atwell,WR,22.77,2,False,,Algorithmic scoring
00-0023921,Miles Austin,WR,49.28,2,False,,Algorithmic scoring
00-0030525,Tavon Austin,WR,38.72,2,False,,Algorithmic scoring
00-0024324,Jason Avant,WR,41.3,2,False,,Algorithmic scoring
00-0026173,Donnie Avery,WR,42.8,2,False,,Algorithmic scoring
00-0030532,Stedman Bailey,WR,14.96,2,False,,Algorithmic scoring
00-0028434,Doug Baldwin,WR,51.88,2,False,,Algorithmic scoring
00-0027964,Jon Baldwin,WR,21.6,2,False,,Algorithmic scoring
00-0026902,Ramses Barden,WR,14.99,2,False,,Algorithmic scoring
00-0000765,Reggie Barlow,WR,14.89,2,False,,Algorithmic scoring
00-0024013,Hank Baskett,WR,27.76,2,False,,Algorithmic scoring
00-0036550,Rashod Bateman,WR,28.51,2,False,,Algorithmic scoring
00-0000869,D'Wayne Bates,WR,30.51,2,False,,Algorithmic scoring
00-0034652,Cameron Batson,WR,13.55,2,False,,Algorithmic scoring
00-0022064,Arnaz Battle,WR,30.16,2,False,,Algorithmic scoring
00-0029000,Cole Beasley,WR,49.43,2,False,,Algorithmic scoring
00-0031235,Odell Beckham Jr.,WR,65.31,2,False,,Algorithmic scoring
00-0037257,David Bell,WR,14.02,2,False,,Algorithmic scoring
00-0029319,Josh Bellamy,WR,28.11,2,False,,Algorithmic scoring
00-0031359,Kelvin Benjamin,WR,42.88,2,False,,Algorithmic scoring
00-0029269,Travis Benjamin,WR,41.96,2,False,,Algorithmic scoring
00-0027654,Arrelious Benn,WR,25.35,2,False,,Algorithmic scoring
00-0019976,Drew Bennett,WR,51.24,2,False,,Algorithmic scoring
00-0026210,Earl Bennett,WR,36.59,2,False,,Algorithmic scoring
00-0020485,Eddie Berlin,WR,16.82,2,False,,Algorithmic scoring
00-0022807,Bernard Berrian,WR,45.3,2,False,,Algorithmic scoring
00-0034419,Braxton Berrios,WR,37.9,2,False,,Algorithmic scoring
00-0029394,Brenton Bersin,WR,20.01,2,False,,Algorithmic scoring
00-0026000,Davone Bess,WR,31.65,2,False,,Algorithmic scoring
00-0029707,Justin Blackmon,WR,28.88,2,False,,Algorithmic scoring
00-0034132,Christian Blake,WR,12.23,2,False,,Algorithmic scoring
00-0033367,C.J. Board,WR,12.58,2,False,,Algorithmic scoring
00-0020583,Marc Boerigter,WR,28.47,2,False,,Algorithmic scoring
00-0022084,Anquan Boldin,WR,62.62,2,False,,Algorithmic scoring
00-0001477,Marty Booker,WR,50.3,2,False,,Algorithmic scoring
00-0001532,David Boston,WR,47.42,2,False,,Algorithmic scoring
00-0033307,Kendrick Bourne,WR,39.5,2,False,,Algorithmic scoring
00-0036364,Lynn Bowden,WR,15.33,2,False,,Algorithmic scoring
00-0025410,Dwayne Bowe,WR,60.5,2,False,,Algorithmic scoring
00-0033009,Tyler Boyd,WR,47.69,2,False,,Algorithmic scoring
00-0029051,Jarrett Boykin,WR,14.71,2,False,,Algorithmic scoring
00-0035703,Miles Boykin,WR,28.75,2,False,,Algorithmic scoring
00-0001627,Corey Bradford,WR,46.0,2,False,,Algorithmic scoring
00-0023474,Mark Bradley,WR,34.89,2,False,,Algorithmic scoring
00-0021192,Deion Branch,WR,51.04,2,False,,Algorithmic scoring
00-0029548,LaVon Brazill,WR,18.15,2,False,,Algorithmic scoring
00-0025529,Steve Breaston,WR,38.36,2,False,,Algorithmic scoring
00-0027789,Dezmon Briscoe,WR,16.28,2,False,,Algorithmic scoring
00-0027006,Kenny Britt,WR,46.93,2,False,,Algorithmic scoring
00-0001842,Macey Brooks,WR,17.92,2,False,,Algorithmic scoring
00-0027793,Antonio Brown,WR,70.88,2,False,,Algorithmic scoring
00-0035676,A.J. Brown,WR,60.29,2,False,,Algorithmic scoring
00-0031118,Corey Brown,WR,24.37,2,False,,Algorithmic scoring
00-0036626,Dyami Brown,WR,15.58,2,False,,Algorithmic scoring
00-0030300,Jaron Brown,WR,38.53,2,False,,Algorithmic scoring
00-0031051,John Brown,WR,47.14,2,False,,Algorithmic scoring
00-0030400,Marlon Brown,WR,24.86,2,False,,Algorithmic scoring
00-0035662,Marquise Brown,WR,45.85,2,False,,Algorithmic scoring
00-0002005,Na Brown,WR,20.38,2,False,,Algorithmic scoring
00-0033591,Noah Brown,WR,33.71,2,False,,Algorithmic scoring
00-0023470,Reggie Brown,WR,41.96,2,False,,Algorithmic scoring
00-0002058,Tim Brown,WR,52.6,2,False,,Algorithmic scoring
00-0002068,Troy Brown,WR,48.87,2,False,,Algorithmic scoring
00-0028020,Vincent Brown,WR,15.43,2,False,,Algorithmic scoring
00-0029155,Mike Brown,WR,15.79,2,False,,Algorithmic scoring
00-0029209,Ryan Broyles,WR,12.61,2,False,,Algorithmic scoring
00-0002099,Isaac Bruce,WR,58.66,2,False,,Algorithmic scoring
00-0021191,Antonio Bryant,WR,43.08,2,False,,Algorithmic scoring
00-0027902,Dez Bryant,WR,75.9,2,False,,Algorithmic scoring
00-0031373,Martavis Bryant,WR,44.65,2,False,,Algorithmic scoring
00-0037742,Treylon Burks,WR,15.75,2,False,,Algorithmic scoring
00-0021999,Nate Burleson,WR,50.77,2,False,,Algorithmic scoring
00-0019642,Plaxico Burress,WR,56.13,2,False,,Algorithmic scoring
00-0026268,Keenan Burton,WR,13.53,2,False,,Algorithmic scoring
00-0030516,Brice Butler,WR,33.51,2,False,,Algorithmic scoring
00-0027063,Deon Butler,WR,19.08,2,False,,Algorithmic scoring
00-0031868,Damiere Byrd,WR,28.84,2,False,,Algorithmic scoring
00-0002469,Isaac Byrd,WR,29.91,2,False,,Algorithmic scoring
00-0026237,Andre Caldwell,WR,35.49,2,False,,Algorithmic scoring
00-0021176,Reche Caldwell,WR,37.89,2,False,,Algorithmic scoring
00-0022087,Tyrone Calico,WR,26.81,2,False,,Algorithmic scoring
00-0034772,Antonio Callaway,WR,19.91,2,False,,Algorithmic scoring
00-0036219,Marquez Callaway,WR,22.21,2,False,,Algorithmic scoring
00-0002544,Chris Calloway,WR,14.2,2,False,,Algorithmic scoring
00-0023408,Greg Camarillo,WR,30.01,2,False,,Algorithmic scoring
00-0031025,Michael Campanaro,WR,14.38,2,False,,Algorithmic scoring
00-0020754,Kelly Campbell,WR,24.16,2,False,,Algorithmic scoring
00-0035639,Parris Campbell,WR,29.48,2,False,,Algorithmic scoring
00-0002721,Cris Carter,WR,52.46,2,False,,Algorithmic scoring
00-0031763,DeAndre Carter,WR,28.79,2,False,,Algorithmic scoring
00-0022879,Drew Carter,WR,34.85,2,False,,Algorithmic scoring
00-0021174,Tim Carter,WR,30.11,2,False,,Algorithmic scoring
00-0036277,Quintez Cephus,WR,14.99,2,False,,Algorithmic scoring
00-0020446,Chris Chambers,WR,56.69,2,False,,Algorithmic scoring
00-0034777,DJ Chark,WR,52.18,2,False,,Algorithmic scoring
00-0036900,Ja'Marr Chase,WR,71.03,2,False,,Algorithmic scoring
00-0019997,Antonio Chatman,WR,27.06,2,False,,Algorithmic scoring
00-0002942,Darrin Chiaverini,WR,26.04,2,False,,Algorithmic scoring
00-0032688,Robbie Chosen,WR,44.89,2,False,,Algorithmic scoring
00-0002962,Wayne Chrebet,WR,44.98,2,False,,Algorithmic scoring
00-0036326,Chase Claypool,WR,44.25,2,False,,Algorithmic scoring
00-0023457,Mark Clayton,WR,41.89,2,False,,Algorithmic scoring
00-0022725,Michael Clayton,WR,36.63,2,False,,Algorithmic scoring
00-0025544,David Clowney,WR,12.28,2,False,,Algorithmic scoring
00-0032166,Sammie Coates,WR,22.1,2,False,,Algorithmic scoring
00-0028002,Randall Cobb,WR,60.34,2,False,,Algorithmic scoring
00-0003175,Mac Cody,WR,10.51,2,False,,Algorithmic scoring
00-0022726,Keary Colbert,WR,29.31,2,False,,Algorithmic scoring
00-0033681,Keelan Cole,WR,39.6,2,False,,Algorithmic scoring
00-0030801,Brandon Coleman,WR,26.4,2,False,,Algorithmic scoring
00-0032966,Corey Coleman,WR,23.39,2,False,,Algorithmic scoring
00-0018958,Laveranues Coles,WR,52.48,2,False,,Algorithmic scoring
00-0027092,Austin Collie,WR,36.77,2,False,,Algorithmic scoring
00-0036554,Nico Collins,WR,49.32,2,False,,Algorithmic scoring
00-0024466,Marques Colston,WR,55.97,2,False,,Algorithmic scoring
00-0032128,Chris Conley,WR,48.08,2,False,,Algorithmic scoring
00-0003378,Albert Connell,WR,38.43,2,False,,Algorithmic scoring
00-0003396,Curtis Conway,WR,45.62,2,False,,Algorithmic scoring
00-0031236,Brandin Cooks,WR,53.62,2,False,,Algorithmic scoring
00-0031544,Amari Cooper,WR,65.33,2,False,,Algorithmic scoring
00-0033111,Pharoh Cooper,WR,33.03,2,False,,Algorithmic scoring
00-0027758,Riley Cooper,WR,40.63,2,False,,Algorithmic scoring
00-0022388,Terrance Copper,WR,24.3,2,False,,Algorithmic scoring
00-0032795,Cody Core,WR,13.54,2,False,,Algorithmic scoring
00-0022811,Jerricho Cotchery,WR,50.12,2,False,,Algorithmic scoring
00-0034366,Keke Coutee,WR,26.53,2,False,,Algorithmic scoring
00-0026986,Michael Crabtree,WR,55.63,2,False,,Algorithmic scoring
00-0034054,River Cracraft,WR,18.38,2,False,,Algorithmic scoring
00-0022766,Patrick Crayton,WR,47.45,2,False,,Algorithmic scoring
00-0023176,Josh Cribbs,WR,29.81,2,False,,Algorithmic scoring
00-0031941,Jamison Crowder,WR,39.72,2,False,,Algorithmic scoring
00-0003700,Germane Crowell,WR,41.89,2,False,,Algorithmic scoring
00-0027265,Victor Cruz,WR,47.0,2,False,,Algorithmic scoring
00-0021337,Ronald Curry,WR,30.94,2,False,,Algorithmic scoring
00-0022001,Kevin Curtis,WR,45.44,2,False,,Algorithmic scoring
00-0022739,Devard Darling,WR,18.15,2,False,,Algorithmic scoring
00-0021175,Andre Davis,WR,44.89,2,False,,Algorithmic scoring
00-0033871,Corey Davis,WR,52.17,2,False,,Algorithmic scoring
00-0025417,Craig Davis,WR,24.28,2,False,,Algorithmic scoring
00-0036196,Gabe Davis,WR,43.16,2,False,,Algorithmic scoring
00-0023429,Rashied Davis,WR,27.35,2,False,,Algorithmic scoring
00-0032423,Trevor Davis,WR,12.45,2,False,,Algorithmic scoring
00-0004077,Sean Dawkins,WR,43.14,2,False,,Algorithmic scoring
00-0019461,JaJuan Dawson,WR,14.79,2,False,,Algorithmic scoring
00-0027690,Eric Decker,WR,52.42,2,False,,Algorithmic scoring
00-0031588,Stefon Diggs,WR,73.16,2,False,,Algorithmic scoring
00-0027105,Jarett Dillard,WR,10.71,2,False,,Algorithmic scoring
00-0019662,Ron Dixon,WR,25.06,2,False,,Algorithmic scoring
00-0030540,Aaron Dobson,WR,27.7,2,False,,Algorithmic scoring
00-0032760,Josh Doctson,WR,28.8,2,False,,Algorithmic scoring
00-0004386,Chris Doering,WR,21.12,2,False,,Algorithmic scoring
00-0032208,Phillip Dorsett,WR,41.85,2,False,,Algorithmic scoring
00-0035500,Greg Dortch,WR,18.41,2,False,,Algorithmic scoring
00-0028061,Tandon Doss,WR,12.4,2,False,,Algorithmic scoring
00-0037741,Jahan Dotson,WR,27.11,2,False,,Algorithmic scoring
00-0037816,Romeo Doubs,WR,36.77,2,False,,Algorithmic scoring
00-0026221,Early Doucet,WR,32.32,2,False,,Algorithmic scoring
00-0026224,Harry Douglas,WR,36.43,2,False,,Algorithmic scoring
00-0038997,Josh Downs,WR,15.54,2,False,,Algorithmic scoring
00-0004541,Donald Driver,WR,65.39,2,False,,Algorithmic scoring
00-0019708,Ron Dugans,WR,19.46,2,False,,Algorithmic scoring
00-0035021,Ashton Dulin,WR,17.54,2,False,,Algorithmic scoring
00-0028045,Kris Durham,WR,25.55,2,False,,Algorithmic scoring
00-0036331,Devin Duvernay,WR,43.25,2,False,,Algorithmic scoring
00-0004673,Tim Dwight,WR,38.27,2,False,,Algorithmic scoring
00-0004694,Kevin Dyson,WR,42.43,2,False,,Algorithmic scoring
00-0027150,Julian Edelman,WR,53.17,2,False,,Algorithmic scoring
00-0023438,Braylon Edwards,WR,64.62,2,False,,Algorithmic scoring
00-0036365,Bryan Edwards,WR,28.4,2,False,,Algorithmic scoring
00-0004780,Troy Edwards,WR,39.43,2,False,,Algorithmic scoring
00-0031326,Bruce Ellington,WR,20.67,2,False,,Algorithmic scoring
00-0004888,Bert Emanuel,WR,21.61,2,False,,Algorithmic scoring
00-0004915,Bobby Engram,WR,52.13,2,False,,Algorithmic scoring
00-0031023,Quincy Enunwa,WR,29.52,2,False,,Algorithmic scoring
00-0032543,Alex Erickson,WR,24.55,2,False,,Algorithmic scoring
00-0036620,Dee Eskridge,WR,11.51,2,False,,Algorithmic scoring
00-0022910,Lee Evans,WR,48.75,2,False,,Algorithmic scoring
00-0031408,Mike Evans,WR,68.73,2,False,,Algorithmic scoring
00-0019543,Danny Farmer,WR,15.77,2,False,,Algorithmic scoring
00-0020428,Robert Ferguson,WR,40.89,2,False,,Algorithmic scoring
00-0005231,Brian Finneran,WR,46.62,2,False,,Algorithmic scoring
00-0022921,Larry Fitzgerald,WR,82.54,2,False,,Algorithmic scoring
00-0039064,Zay Flowers,WR,35.38,2,False,,Algorithmic scoring
00-0022414,Malcom Floyd,WR,50.81,2,False,,Algorithmic scoring
00-0029638,Michael Floyd,WR,51.53,2,False,,Algorithmic scoring
00-0033471,Isaiah Ford,WR,14.21,2,False,,Algorithmic scoring
00-0027709,Jacoby Ford,WR,19.73,2,False,,Algorithmic scoring
00-0019231,Larry Foster,WR,10.1,2,False,,Algorithmic scoring
00-0034510,Robert Foster,WR,17.1,2,False,,Algorithmic scoring
00-0030670,Bennie Fowler,WR,25.83,2,False,,Algorithmic scoring
00-0005562,Antonio Freeman,WR,48.92,2,False,,Algorithmic scoring
00-0005616,Irving Fryar,WR,29.99,2,False,,Algorithmic scoring
00-0030095,Corey Fuller,WR,13.79,2,False,,Algorithmic scoring
00-0033127,Will Fuller,WR,45.23,2,False,,Algorithmic scoring
00-0032055,Devin Funchess,WR,42.18,2,False,,Algorithmic scoring
00-0019281,Mike Furrey,WR,33.67,2,False,,Algorithmic scoring
00-0022102,Doug Gabriel,WR,27.46,2,False,,Algorithmic scoring
00-0031228,Taylor Gabriel,WR,37.84,2,False,,Algorithmic scoring
00-0005668,Oronde Gadsden,WR,43.53,2,False,,Algorithmic scoring
00-0021163,Jabar Gaffney,WR,50.59,2,False,,Algorithmic scoring
00-0021982,Justin Gage,WR,44.23,2,False,,Algorithmic scoring
00-0034411,Russell Gage,WR,37.36,2,False,,Algorithmic scoring
00-0005720,Joey Galloway,WR,53.18,2,False,,Algorithmic scoring
00-0034764,Michael Gallup,WR,44.62,2,False,,Algorithmic scoring
00-0026345,Pierre Garcon,WR,52.6,2,False,,Algorithmic scoring
00-0020525,Rod Gardner,WR,42.41,2,False,,Algorithmic scoring
00-0028049,Clyde Gates,WR,15.15,2,False,,Algorithmic scoring
00-0019670,Trevor Gaylor,WR,21.66,2,False,,Algorithmic scoring
00-0026937,Brandon Gibson,WR,31.95,2,False,,Algorithmic scoring
00-0019302,Bryan Gilmore,WR,23.85,2,False,,Algorithmic scoring
00-0025396,Ted Ginn,WR,54.2,2,False,,Algorithmic scoring
00-0029614,Chris Givens,WR,25.94,2,False,,Algorithmic scoring
00-0021353,David Givens,WR,37.47,2,False,,Algorithmic scoring
00-0006043,Terry Glenn,WR,51.22,2,False,,Algorithmic scoring
00-0033921,Chris Godwin Jr.,WR,60.48,2,False,,Algorithmic scoring
00-0029336,Brittan Golden,WR,13.37,2,False,,Algorithmic scoring
00-0033932,Kenny Golladay,WR,49.07,2,False,,Algorithmic scoring
00-0025419,Anthony Gonzalez,WR,34.12,2,False,,Algorithmic scoring
00-0030068,Marquise Goodwin,WR,40.93,2,False,,Algorithmic scoring
00-0029664,Josh Gordon,WR,48.24,2,False,,Algorithmic scoring
00-0006210,Jeff Graham,WR,34.65,2,False,,Algorithmic scoring
00-0029660,Trevor Graham,WR,19.24,2,False,,Algorithmic scoring
00-0032791,Jakeem Grant,WR,35.24,2,False,,Algorithmic scoring
00-0031068,Ryan Grant,WR,23.01,2,False,,Algorithmic scoring
00-0027942,A.J. Green,WR,66.64,2,False,,Algorithmic scoring
00-0006331,Jacquez Green,WR,32.6,2,False,,Algorithmic scoring
00-0006322,E.G. Green,WR,18.59,2,False,,Algorithmic scoring
00-0032218,Dorial Green-Beckham,WR,25.95,2,False,,Algorithmic scoring
00-0032170,Rashad Greene,WR,9.26,2,False,,Algorithmic scoring
00-0035414,Jalen Guyton,WR,28.44,2,False,,Algorithmic scoring
00-0022701,D.J. Hackett,WR,34.42,2,False,,Algorithmic scoring
00-0024297,Derek Hagan,WR,31.81,2,False,,Algorithmic scoring
00-0006627,Az-Zahir Hakim,WR,46.07,2,False,,Algorithmic scoring
00-0027188,Chad Hall,WR,11.75,2,False,,Algorithmic scoring
00-0019539,Dante Hall,WR,36.29,2,False,,Algorithmic scoring
00-0033094,Marvin Hall,WR,21.83,2,False,,Algorithmic scoring
00-0034370,DaeSean Hamilton,WR,23.37,2,False,,Algorithmic scoring
00-0036412,KJ Hamler,WR,19.77,2,False,,Algorithmic scoring
00-0028017,Leonard Hankerson,WR,34.42,2,False,,Algorithmic scoring
00-0021460,Cortez Hankton,WR,15.06,2,False,,Algorithmic scoring
00-0006777,Karl Hankton,WR,15.0,2,False,,Algorithmic scoring
00-0035140,Mecole Hardman,WR,50.92,2,False,,Algorithmic scoring
00-0031570,Justin Hardy,WR,24.32,2,False,,Algorithmic scoring
00-0028114,Dwayne Harris,WR,32.42,2,False,,Algorithmic scoring
00-0032362,Maurice Harris,WR,16.79,2,False,,Algorithmic scoring
00-0007024,Marvin Harrison,WR,59.35,2,False,,Algorithmic scoring
00-0027077,Brian Hartline,WR,38.31,2,False,,Algorithmic scoring
00-0035215,Deonte Harty,WR,25.87,2,False,,Algorithmic scoring
00-0026998,Percy Harvin,WR,54.45,2,False,,Algorithmic scoring
00-0007103,Matt Hatchette,WR,26.66,2,False,,Algorithmic scoring
00-0027918,Andrew Hawkins,WR,33.77,2,False,,Algorithmic scoring
00-0007120,Courtney Hawkins,WR,16.45,2,False,,Algorithmic scoring
00-0026266,Lavelle Hawkins,WR,14.68,2,False,,Algorithmic scoring
00-0007144,Donald Hayes,WR,36.04,2,False,,Algorithmic scoring
00-0029311,Junior Hemingway,WR,14.11,2,False,,Algorithmic scoring
00-0022929,Devery Henderson,WR,49.97,2,False,,Algorithmic scoring
00-0023518,Chris Henry,WR,39.86,2,False,,Algorithmic scoring
00-0024272,Devin Hester,WR,66.34,2,False,,Algorithmic scoring
00-0026983,Darrius Heyward-Bey,WR,47.48,2,False,,Algorithmic scoring
00-0025486,Johnnie Lee Higgins,WR,18.74,2,False,,Algorithmic scoring
00-0032977,Rashard Higgins,WR,30.75,2,False,,Algorithmic scoring
00-0036410,Tee Higgins,WR,52.78,2,False,,Algorithmic scoring
00-0025463,Jason Hill,WR,30.68,2,False,,Algorithmic scoring
00-0028995,Stephen Hill,WR,24.97,2,False,,Algorithmic scoring
00-0033040,Tyreek Hill,WR,76.69,2,False,,Algorithmic scoring
00-0007468,Ike Hilliard,WR,54.9,2,False,,Algorithmic scoring
00-0029608,T.Y. Hilton,WR,65.08,2,False,,Algorithmic scoring
00-0035864,Kendall Hinton,WR,14.71,2,False,,Algorithmic scoring
00-0024345,Domenik Hixon,WR,34.82,2,False,,Algorithmic scoring
00-0034854,KhaDarel Hodge,WR,21.81,2,False,,Algorithmic scoring
00-0036165,Isaiah Hodgins,WR,23.9,2,False,,Algorithmic scoring
00-0028237,Chris Hogan,WR,47.04,2,False,,Algorithmic scoring
00-0033555,Mack Hollins,WR,35.11,2,False,,Algorithmic scoring
00-0028263,Andre Holmes,WR,37.34,2,False,,Algorithmic scoring
00-0024240,Santonio Holmes,WR,55.11,2,False,,Algorithmic scoring
00-0007681,Torry Holt,WR,60.44,2,False,,Algorithmic scoring
00-0032935,Johnny Holton,WR,11.43,2,False,,Algorithmic scoring
00-0030564,DeAndre Hopkins,WR,74.69,2,False,,Algorithmic scoring
00-0007744,Joe Horn,WR,49.71,2,False,,Algorithmic scoring
00-0020438,T.J. Houshmandzadeh,WR,54.17,2,False,,Algorithmic scoring
00-0030990,Josh Huff,WR,15.89,2,False,,Algorithmic scoring
00-0035406,Lil'Jordan Humphrey,WR,18.98,2,False,,Algorithmic scoring
00-0032009,Adam Humphries,WR,38.89,2,False,,Algorithmic scoring
00-0030521,Justin Hunter,WR,36.09,2,False,,Algorithmic scoring
00-0023953,Sam Hurd,WR,21.84,2,False,,Algorithmic scoring
00-0030821,Allen Hurns,WR,38.4,2,False,,Algorithmic scoring
00-0020984,Randy Hymes,WR,21.79,2,False,,Algorithmic scoring
00-0028411,Dontrelle Inman,WR,43.34,2,False,,Algorithmic scoring
00-0035341,Trenton Irwin,WR,24.6,2,False,,Algorithmic scoring
00-0035527,Andy Isabella,WR,18.38,2,False,,Algorithmic scoring
00-0008059,Qadry Ismail,WR,44.06,2,False,,Algorithmic scoring
00-0008060,Raghib Ismail,WR,33.81,2,False,,Algorithmic scoring
00-0019663,Darrell Jackson,WR,51.12,2,False,,Algorithmic scoring
00-0026189,DeSean Jackson,WR,65.69,2,False,,Algorithmic scoring
00-0020780,Frisman Jackson,WR,18.47,2,False,,Algorithmic scoring
00-0023496,Vincent Jackson,WR,67.75,2,False,,Algorithmic scoring
00-0008210,Willie Jackson,WR,43.23,2,False,,Algorithmic scoring
00-0022124,Taylor Jacobs,WR,20.76,2,False,,Algorithmic scoring
00-0034286,Richie James,WR,26.38,2,False,,Algorithmic scoring
00-0031001,Jeff Janis,WR,20.84,2,False,,Algorithmic scoring
00-0025432,Dwayne Jarrett,WR,18.35,2,False,,Algorithmic scoring
00-0008300,Patrick Jeffers,WR,33.06,2,False,,Algorithmic scoring
00-0036322,Justin Jefferson,WR,66.97,2,False,,Algorithmic scoring
00-0008313,Shawn Jefferson,WR,37.67,2,False,,Algorithmic scoring
00-0036415,Van Jefferson,WR,39.63,2,False,,Algorithmic scoring
00-0029137,Alshon Jeffery,WR,64.61,2,False,,Algorithmic scoring
00-0008357,MarTay Jenkins,WR,23.71,2,False,,Algorithmic scoring
00-0022781,Michael Jenkins,WR,54.38,2,False,,Algorithmic scoring
00-0036259,Jauan Jennings,WR,26.16,2,False,,Algorithmic scoring
00-0031972,Darius Jennings,WR,10.34,2,False,,Algorithmic scoring
00-0024267,Greg Jennings,WR,64.56,2,False,,Algorithmic scoring
00-0028021,Jerrel Jernigan,WR,13.55,2,False,,Algorithmic scoring
00-0008400,James Jett,WR,25.53,2,False,,Algorithmic scoring
00-0036407,Jerry Jeudy,WR,43.74,2,False,,Algorithmic scoring
00-0022044,Andre Johnson,WR,86.93,2,False,,Algorithmic scoring
00-0021993,Bethel Johnson,WR,26.78,2,False,,Algorithmic scoring
00-0022156,Bryant Johnson,WR,41.54,2,False,,Algorithmic scoring
00-0025389,Calvin Johnson,WR,88.88,2,False,,Algorithmic scoring
00-0020397,Chad Johnson,WR,69.42,2,False,,Algorithmic scoring
00-0008454,Charles Johnson,WR,35.24,2,False,,Algorithmic scoring
00-0030113,Charles D. Johnson,WR,21.39,2,False,,Algorithmic scoring
00-0036254,Collin Johnson,WR,20.3,2,False,,Algorithmic scoring
00-0029435,Damaris Johnson,WR,14.51,2,False,,Algorithmic scoring
00-0035216,Diontae Johnson,WR,50.48,2,False,,Algorithmic scoring
00-0035287,KeeSean Johnson,WR,7.72,2,False,,Algorithmic scoring
00-0008560,Kevin Johnson,WR,47.87,2,False,,Algorithmic scoring
00-0008561,Keyshawn Johnson,WR,59.36,2,False,,Algorithmic scoring
00-0032980,Marcus Johnson,WR,25.93,2,False,,Algorithmic scoring
00-0035006,Bisi Johnson,WR,16.02,2,False,,Algorithmic scoring
00-0008598,Pat Johnson,WR,32.93,2,False,,Algorithmic scoring
00-0026364,Steve Johnson,WR,45.04,2,False,,Algorithmic scoring
00-0036427,Tyler Johnson,WR,23.19,2,False,,Algorithmic scoring
00-0035457,Tyron Johnson,WR,17.3,2,False,,Algorithmic scoring
00-0038544,Quentin Johnston,WR,20.69,2,False,,Algorithmic scoring
00-0023531,Brandon Jones,WR,32.89,2,False,,Algorithmic scoring
00-0027518,Donald Jones,WR,21.4,2,False,,Algorithmic scoring
00-0033891,Zay Jones,WR,46.47,2,False,,Algorithmic scoring
00-0025460,Jacoby Jones,WR,63.37,2,False,,Algorithmic scoring
00-0025465,James Jones,WR,50.53,2,False,,Algorithmic scoring
00-0029293,Marvin Jones,WR,51.86,2,False,,Algorithmic scoring
00-0023456,Matt Jones,WR,46.41,2,False,,Algorithmic scoring
00-0027944,Julio Jones,WR,84.34,2,False,,Algorithmic scoring
00-0031189,T.J. Jones,WR,20.21,2,False,,Algorithmic scoring
00-0008962,Joe Jurevicius,WR,55.59,2,False,,Algorithmic scoring
00-0029159,Jermaine Kearse,WR,42.35,2,False,,Algorithmic scoring
00-0026191,Malcolm Kelly,WR,13.35,2,False,,Algorithmic scoring
00-0009163,Eddie Kennison,WR,52.13,2,False,,Algorithmic scoring
00-0028091,Jeremy Kerley,WR,30.9,2,False,,Algorithmic scoring
00-0020415,Andre King,WR,10.06,2,False,,Algorithmic scoring
00-0034775,Christian Kirk,WR,46.97,2,False,,Algorithmic scoring
00-0034317,Keith Kirkwood,WR,23.23,2,False,,Algorithmic scoring
00-0026913,Johnny Knox,WR,43.75,2,False,,Algorithmic scoring
00-0031787,Jake Kumerow,WR,23.5,2,False,,Algorithmic scoring
00-0033908,Cooper Kupp,WR,69.48,2,False,,Algorithmic scoring
00-0027681,Brandon LaFell,WR,48.72,2,False,,Algorithmic scoring
00-0036358,CeeDee Lamb,WR,68.58,2,False,,Algorithmic scoring
00-0031382,Jarvis Landry,WR,55.69,2,False,,Algorithmic scoring
00-0033552,Brendan Langley,WR,12.71,2,False,,Algorithmic scoring
00-0031344,Cody Latimer,WR,30.02,2,False,,Algorithmic scoring
00-0034521,Allen Lazard,WR,42.17,2,False,,Algorithmic scoring
00-0019505,Charles Lee,WR,20.26,2,False,,Algorithmic scoring
00-0031431,Marqise Lee,WR,33.35,2,False,,Algorithmic scoring
00-0021152,Ashley Lelie,WR,47.42,2,False,,Algorithmic scoring
00-0021508,Greg Lewis,WR,37.56,2,False,,Algorithmic scoring
00-0009869,Jermaine Lewis,WR,22.45,2,False,,Algorithmic scoring
00-0019600,Michael L. Lewis,WR,13.51,2,False,,Algorithmic scoring
00-0032659,Roger Lewis,WR,11.69,2,False,,Algorithmic scoring
00-0032881,Tommylee Lewis,WR,13.19,2,False,,Algorithmic scoring
00-0027997,Greg Little,WR,31.52,2,False,,Algorithmic scoring
00-0022097,Brandon Lloyd,WR,53.71,2,False,,Algorithmic scoring
00-0010007,Kevin Lockett,WR,31.68,2,False,,Algorithmic scoring
00-0032211,Tyler Lockett,WR,72.61,2,False,,Algorithmic scoring
00-0028442,Ricardo Lockette,WR,22.86,2,False,,Algorithmic scoring
00-0026491,Stefan Logan,WR,9.83,2,False,,Algorithmic scoring
00-0037238,Drake London,WR,34.62,2,False,,Algorithmic scoring
00-0019242,Dane Looker,WR,29.25,2,False,,Algorithmic scoring
00-0033079,Ricardo Louis,WR,16.21,2,False,,Algorithmic scoring
00-0026995,Jeremy Maclin,WR,54.09,2,False,,Algorithmic scoring
00-0026235,Mario Manningham,WR,37.82,2,False,,Algorithmic scoring
00-0027816,Marc Mariani,WR,14.57,2,False,,Algorithmic scoring
00-0031818,Bradley Marquez,WR,10.3,2,False,,Algorithmic scoring
00-0024334,Brandon Marshall,WR,70.69,2,False,,Algorithmic scoring
00-0036955,Terrace Marshall Jr.,WR,21.34,2,False,,Algorithmic scoring
00-0029415,Keshawn Martin,WR,23.78,2,False,,Algorithmic scoring
00-0022421,Ruvell Martin,WR,33.75,2,False,,Algorithmic scoring
00-0010477,Tony Martin,WR,34.77,2,False,,Algorithmic scoring
00-0010500,Derrick Mason,WR,56.66,2,False,,Algorithmic scoring
00-0027026,Mohamed Massaquoi,WR,29.3,2,False,,Algorithmic scoring
00-0010539,Terance Mathis,WR,37.57,2,False,,Algorithmic scoring
00-0029580,Rishard Matthews,WR,37.76,2,False,,Algorithmic scoring
00-0010599,Derrick Mayes,WR,30.48,2,False,,Algorithmic scoring
00-0021094,Jason McAddley,WR,15.87,2,False,,Algorithmic scoring
00-0010650,Ed McCaffrey,WR,47.12,2,False,,Algorithmic scoring
00-0020464,Darnerien McCants,WR,28.84,2,False,,Algorithmic scoring
00-0010668,Keenan McCardell,WR,53.47,2,False,,Algorithmic scoring
00-0020381,Justin McCareins,WR,45.74,2,False,,Algorithmic scoring
00-0034407,Ray-Ray McCloud,WR,14.92,2,False,,Algorithmic scoring
00-0027651,Dexter McCluster,WR,38.96,2,False,,Algorithmic scoring
00-0010786,Jeremy McDaniel,WR,19.04,2,False,,Algorithmic scoring
00-0021981,Shaun McDonald,WR,36.11,2,False,,Algorithmic scoring
00-0010824,O.J. McDuffie,WR,23.5,2,False,,Algorithmic scoring
00-0010843,Wane McGarity,WR,13.62,2,False,,Algorithmic scoring
00-0033466,Isaiah McKenzie,WR,33.72,2,False,,Algorithmic scoring
00-0010974,James McKnight,WR,34.95,2,False,,Algorithmic scoring
00-0035659,Terry McLaurin,WR,55.39,2,False,,Algorithmic scoring
00-0022135,Billy McMullen,WR,20.63,2,False,,Algorithmic scoring
00-0025414,Robert Meachem,WR,50.15,2,False,,Algorithmic scoring
00-0031912,Cameron Meredith,WR,26.94,2,False,,Algorithmic scoring
00-0035640,DK Metcalf,WR,65.91,2,False,,Algorithmic scoring
00-0011151,Eric Metcalf,WR,14.02,2,False,,Algorithmic scoring
00-0034960,Jakobi Meyers,WR,34.25,2,False,,Algorithmic scoring
00-0011213,Glyn Milburn,WR,12.78,2,False,,Algorithmic scoring
00-0034353,Anthony Miller,WR,36.2,2,False,,Algorithmic scoring
00-0033069,Braxton Miller,WR,13.37,2,False,,Algorithmic scoring
00-0035298,Scott Miller,WR,30.67,2,False,,Algorithmic scoring
00-0036671,Dax Milne,WR,6.69,2,False,,Algorithmic scoring
00-0036255,Denzel Mims,WR,20.39,2,False,,Algorithmic scoring
00-0020497,Freddie Mitchell,WR,32.4,2,False,,Algorithmic scoring
00-0031339,Donte Moncrief,WR,46.28,2,False,,Algorithmic scoring
00-0019109,Scottie Montgomery,WR,6.68,2,False,,Algorithmic scoring
00-0032200,Ty Montgomery,WR,27.68,2,False,,Algorithmic scoring
00-0036309,Darnell Mooney,WR,32.43,2,False,,Algorithmic scoring
00-0032398,Chris Moore,WR,29.12,2,False,,Algorithmic scoring
00-0033589,David Moore,WR,38.28,2,False,,Algorithmic scoring
00-0028086,Denarius Moore,WR,32.75,2,False,,Algorithmic scoring
00-0034827,DJ Moore,WR,45.77,2,False,,Algorithmic scoring
00-0036980,Elijah Moore,WR,31.4,2,False,,Algorithmic scoring
00-0011568,Herman Moore,WR,32.05,2,False,,Algorithmic scoring
00-0023310,Lance Moore,WR,44.96,2,False,,Algorithmic scoring
00-0027356,Marlon Moore,WR,16.5,2,False,,Algorithmic scoring
00-0036936,Rondale Moore,WR,27.03,2,False,,Algorithmic scoring
00-0038090,Skyy Moore,WR,18.06,2,False,,Algorithmic scoring
00-0026314,Josh Morgan,WR,36.04,2,False,,Algorithmic scoring
00-0020427,Quincy Morgan,WR,40.31,2,False,,Algorithmic scoring
00-0011727,Johnnie Morton,WR,47.45,2,False,,Algorithmic scoring
00-0011754,Randy Moss,WR,89.6,2,False,,Algorithmic scoring
00-0020494,Santana Moss,WR,67.51,2,False,,Algorithmic scoring
00-0024259,Sinorice Moss,WR,18.46,2,False,,Algorithmic scoring
00-0011770,Eric Moulds,WR,54.78,2,False,,Algorithmic scoring
00-0011795,Muhsin Muhammad,WR,60.11,2,False,,Algorithmic scoring
00-0027089,Louis Murphy,WR,38.83,2,False,,Algorithmic scoring
00-0025559,Legedu Naanee,WR,32.67,2,False,,Algorithmic scoring
00-0039075,Puka Nacua,WR,43.54,2,False,,Algorithmic scoring
00-0027322,David Nelson,WR,34.42,2,False,,Algorithmic scoring
00-0032112,J.J. Nelson,WR,32.48,2,False,,Algorithmic scoring
00-0026176,Jordy Nelson,WR,64.36,2,False,,Algorithmic scoring
00-0027005,Hakeem Nicks,WR,50.29,2,False,,Algorithmic scoring
00-0019650,Dennis Northcutt,WR,47.68,2,False,,Algorithmic scoring
00-0026739,Jordan Norwood,WR,15.41,2,False,,Algorithmic scoring
00-0024463,Ben Obomanu,WR,31.07,2,False,,Algorithmic scoring
00-0012321,Jeff Ogden,WR,14.09,2,False,,Algorithmic scoring
00-0026780,Kevin Ogletree,WR,27.6,2,False,,Algorithmic scoring
00-0037239,Chris Olave,WR,31.34,2,False,,Algorithmic scoring
00-0035645,Gunner Olszewski,WR,13.11,2,False,,Algorithmic scoring
00-0036345,K.J. Osborn,WR,34.02,2,False,,Algorithmic scoring
00-0021570,Kassim Osgood,WR,20.02,2,False,,Algorithmic scoring
00-0012478,Terrell Owens,WR,61.67,2,False,,Algorithmic scoring
00-0028905,Chris Owusu,WR,15.01,2,False,,Algorithmic scoring
00-0036988,Josh Palmer,WR,35.35,2,False,,Algorithmic scoring
00-0039052,Trey Palmer,WR,23.09,2,False,,Algorithmic scoring
00-0031547,DeVante Parker,WR,49.96,2,False,,Algorithmic scoring
00-0020904,Eric Parker,WR,36.8,2,False,,Algorithmic scoring
00-0027450,Preston Parker,WR,18.43,2,False,,Algorithmic scoring
00-0022754,Samie Parker,WR,27.53,2,False,,Algorithmic scoring
00-0023490,Roscoe Parrish,WR,30.6,2,False,,Algorithmic scoring
00-0033251,Zach Pascal,WR,36.52,2,False,,Algorithmic scoring
00-0012637,Jerome Pathon,WR,45.06,2,False,,Algorithmic scoring
00-0033375,Tim Patrick,WR,35.82,2,False,,Algorithmic scoring
00-0012642,David Patten,WR,46.58,2,False,,Algorithmic scoring
00-0030450,Quinton Patton,WR,16.86,2,False,,Algorithmic scoring
00-0036233,Donovan Peoples-Jones,WR,32.71,2,False,,Algorithmic scoring
00-0032054,Breshad Perriman,WR,43.61,2,False,,Algorithmic scoring
00-0028016,Austin Pettis,WR,25.48,2,False,,Algorithmic scoring
00-0034860,Dante Pettis,WR,33.55,2,False,,Algorithmic scoring
00-0012953,Carl Pickens,WR,29.0,2,False,,Algorithmic scoring
00-0037247,George Pickens,WR,33.26,2,False,,Algorithmic scoring
00-0037664,Alec Pierce,WR,27.51,2,False,,Algorithmic scoring
00-0019606,Todd Pinkston,WR,45.36,2,False,,Algorithmic scoring
00-0036252,Michael Pittman,WR,42.08,2,False,,Algorithmic scoring
00-0013097,Keith Poole,WR,29.3,2,False,,Algorithmic scoring
00-0020021,Nate Poole,WR,9.97,2,False,,Algorithmic scoring
00-0019703,Jerry Porter,WR,52.02,2,False,,Algorithmic scoring
00-0029673,DeVier Posey,WR,19.08,2,False,,Algorithmic scoring
00-0034646,Brandon Powell,WR,18.27,2,False,,Algorithmic scoring
00-0013232,Peerless Price,WR,51.25,2,False,,Algorithmic scoring
00-0034297,Byron Pringle,WR,31.91,2,False,,Algorithmic scoring
00-0036133,James Proche,WR,11.44,2,False,,Algorithmic scoring
00-0013268,Ricky Proehl,WR,48.86,2,False,,Algorithmic scoring
00-0028825,Terrelle Pryor,WR,37.32,2,False,,Algorithmic scoring
00-0029640,Brian Quick,WR,33.48,2,False,,Algorithmic scoring
00-0020425,Ken-Yon Rambo,WR,13.46,2,False,,Algorithmic scoring
00-0029262,Rueben Randle,WR,34.04,2,False,,Algorithmic scoring
00-0021190,Antwaan Randle El,WR,45.49,2,False,,Algorithmic scoring
00-0034273,Damion Ratley,WR,16.75,2,False,,Algorithmic scoring
00-0032464,Kalif Raymond,WR,33.4,2,False,,Algorithmic scoring
00-0036387,Jalen Reagor,WR,25.05,2,False,,Algorithmic scoring
00-0013499,Andre Reed,WR,20.62,2,False,,Algorithmic scoring
00-0039146,Jayden Reed,WR,24.62,2,False,,Algorithmic scoring
00-0021166,Josh Reed,WR,35.51,2,False,,Algorithmic scoring
00-0013512,Jake Reed,WR,38.21,2,False,,Algorithmic scoring
00-0034983,Hunter Renfrow,WR,41.19,2,False,,Algorithmic scoring
00-0033943,Josh Reynolds,WR,43.62,2,False,,Algorithmic scoring
00-0013639,Jerry Rice,WR,55.27,2,False,,Algorithmic scoring
00-0039067,Rashee Rice,WR,30.41,2,False,,Algorithmic scoring
00-0025431,Sidney Rice,WR,58.74,2,False,,Algorithmic scoring
00-0031257,Paul Richardson,WR,39.96,2,False,,Algorithmic scoring
00-0034837,Calvin Ridley,WR,41.93,2,False,,Algorithmic scoring
00-0013770,Andre Rison,WR,28.11,2,False,,Algorithmic scoring
00-0027691,Andre Roberts,WR,58.34,2,False,,Algorithmic scoring
00-0031166,Seth Roberts,WR,38.48,2,False,,Algorithmic scoring
00-0028116,Aldrick Robinson,WR,32.01,2,False,,Algorithmic scoring
00-0031428,Allen Robinson,WR,59.53,2,False,,Algorithmic scoring
00-0032775,Demarcus Robinson,WR,40.09,2,False,,Algorithmic scoring
00-0020490,Koren Robinson,WR,43.06,2,False,,Algorithmic scoring
00-0025462,Laurent Robinson,WR,38.36,2,False,,Algorithmic scoring
00-0013888,Marcus Robinson,WR,53.97,2,False,,Algorithmic scoring
00-0038117,Wan'Dale Robinson,WR,16.06,2,False,,Algorithmic scoring
00-0027012,Brian Robiskie,WR,23.1,2,False,,Algorithmic scoring
00-0023503,Courtney Roby,WR,14.91,2,False,,Algorithmic scoring
00-0032355,Chester Rogers,WR,30.46,2,False,,Algorithmic scoring
00-0031782,Eli Rogers,WR,23.36,2,False,,Algorithmic scoring
00-0028249,Jeremy Ross,WR,18.7,2,False,,Algorithmic scoring
00-0033460,John Ross,WR,31.43,2,False,,Algorithmic scoring
00-0026182,Eddie Royal,WR,48.14,2,False,,Algorithmic scoring
00-0036357,Henry Ruggs III,WR,25.87,2,False,,Algorithmic scoring
00-0028050,Greg Salas,WR,16.93,2,False,,Algorithmic scoring
00-0033282,Curtis Samuel,WR,42.14,2,False,,Algorithmic scoring
00-0035719,Deebo Samuel Sr.,WR,66.63,2,False,,Algorithmic scoring
00-0014319,Chris Sanders,WR,23.99,2,False,,Algorithmic scoring
00-0027685,Emmanuel Sanders,WR,63.23,2,False,,Algorithmic scoring
00-0014328,Frank Sanders,WR,39.47,2,False,,Algorithmic scoring
00-0030550,Ace Sanders,WR,7.88,2,False,,Algorithmic scoring
00-0029632,Mohamed Sanu,WR,47.16,2,False,,Algorithmic scoring
00-0028352,Dane Sanzenbacher,WR,10.18,2,False,,Algorithmic scoring
00-0026366,Chaz Schilens,WR,33.19,2,False,,Algorithmic scoring
00-0014489,Bill Schroeder,WR,46.16,2,False,,Algorithmic scoring
00-0036999,Anthony Schwartz,WR,12.65,2,False,,Algorithmic scoring
00-0014544,Darnay Scott,WR,34.81,2,False,,Algorithmic scoring
00-0037545,Rashid Shaheed,WR,25.4,2,False,,Algorithmic scoring
00-0037261,Khalil Shakir,WR,23.39,2,False,,Algorithmic scoring
00-0032778,Tajae Sharpe,WR,28.84,2,False,,Algorithmic scoring
00-0014729,Bobby Shaw,WR,39.65,2,False,,Algorithmic scoring
00-0036268,Laviska Shenault Jr.,WR,27.39,2,False,,Algorithmic scoring
00-0030147,Russell Shepard,WR,24.76,2,False,,Algorithmic scoring
00-0032385,Sterling Shepard,WR,43.26,2,False,,Algorithmic scoring
00-0014790,Leslie Shepherd,WR,19.92,2,False,,Algorithmic scoring
00-0034487,Trent Sherfield,WR,27.6,2,False,,Algorithmic scoring
00-0027687,Jordan Shipley,WR,16.92,2,False,,Algorithmic scoring
00-0028052,Cecil Shorts,WR,35.44,2,False,,Algorithmic scoring
00-0014918,Tony Simmons,WR,21.85,2,False,,Algorithmic scoring
00-0026186,Jerome Simpson,WR,37.69,2,False,,Algorithmic scoring
00-0034104,Cam Sims,WR,27.74,2,False,,Algorithmic scoring
00-0034928,Steven Sims,WR,24.72,2,False,,Algorithmic scoring
00-0025466,Mike Sims-Walker,WR,35.92,2,False,,Algorithmic scoring
00-0036862,Ben Skowronek,WR,21.38,2,False,,Algorithmic scoring
00-0035535,Darius Slayton,WR,42.52,2,False,,Algorithmic scoring
00-0015063,Torrance Small,WR,35.94,2,False,,Algorithmic scoring
00-0024318,Brad Smith,WR,30.19,2,False,,Algorithmic scoring
00-0036912,DeVonta Smith,WR,46.12,2,False,,Algorithmic scoring
00-0027996,Torrey Smith,WR,53.62,2,False,,Algorithmic scoring
00-0035510,Jeff Smith,WR,15.07,2,False,,Algorithmic scoring
00-0015218,Jimmy Smith,WR,56.62,2,False,,Algorithmic scoring
00-0015290,Rod Smith,WR,53.47,2,False,,Algorithmic scoring
00-0036572,Shi Smith,WR,14.75,2,False,,Algorithmic scoring
00-0025438,Steve Smith,WR,47.12,2,False,,Algorithmic scoring
00-0020337,Steve Smith,WR,77.65,2,False,,Algorithmic scoring
00-0034765,Tre'Quan Smith,WR,44.04,2,False,,Algorithmic scoring
00-0034631,Vyncint Smith,WR,16.25,2,False,,Algorithmic scoring
00-0038543,Jaxon Smith-Njigba,WR,29.75,2,False,,Algorithmic scoring
00-0033857,JuJu Smith-Schuster,WR,55.45,2,False,,Algorithmic scoring
00-0030663,Willie Snead,WR,34.38,2,False,,Algorithmic scoring
00-0031319,Diontae Spencer,WR,9.23,2,False,,Algorithmic scoring
00-0023968,Micheal Spurlock,WR,19.63,2,False,,Algorithmic scoring
00-0036963,Amon-Ra St. Brown,WR,62.01,2,False,,Algorithmic scoring
00-0034279,Equanimeous St. Brown,WR,25.53,2,False,,Algorithmic scoring
00-0015507,Brian Stablein,WR,15.68,2,False,,Algorithmic scoring
00-0021147,Donte' Stallworth,WR,56.08,2,False,,Algorithmic scoring
00-0030085,Kenny Stills,WR,50.32,2,False,,Algorithmic scoring
00-0015751,J.J. Stokes,WR,44.11,2,False,,Algorithmic scoring
00-0015754,Brandon Stokley,WR,54.38,2,False,,Algorithmic scoring
00-0024305,Maurice Stovall,WR,20.23,2,False,,Algorithmic scoring
00-0029129,Rod Streater,WR,33.45,2,False,,Algorithmic scoring
00-0031310,Devin Street,WR,10.52,2,False,,Algorithmic scoring
00-0015811,Tai Streets,WR,44.94,2,False,,Algorithmic scoring
00-0031560,Jaelen Strong,WR,21.73,2,False,,Algorithmic scoring
00-0026953,Sammie Stroughter,WR,12.25,2,False,,Algorithmic scoring
00-0025622,Chansi Stuckey,WR,19.16,2,False,,Algorithmic scoring
00-0034348,Courtland Sutton,WR,50.21,2,False,,Algorithmic scoring
00-0036247,Freddie Swain,WR,20.74,2,False,,Algorithmic scoring
00-0015959,Kevin Swayne,WR,15.54,2,False,,Algorithmic scoring
00-0015970,Justin Swift,WR,15.91,2,False,,Algorithmic scoring
00-0015980,Reggie Swinton,WR,16.77,2,False,,Algorithmic scoring
00-0033562,Ryan Switzer,WR,7.55,2,False,,Algorithmic scoring
00-0034686,Auden Tate,WR,16.24,2,False,,Algorithmic scoring
00-0027057,Brandon Tate,WR,27.78,2,False,,Algorithmic scoring
00-0027891,Golden Tate,WR,61.6,2,False,,Algorithmic scoring
00-0031697,Jordan Taylor,WR,17.89,2,False,,Algorithmic scoring
00-0033911,Taywan Taylor,WR,17.92,2,False,,Algorithmic scoring
00-0019721,Travis Taylor,WR,49.32,2,False,,Algorithmic scoring
00-0033292,Trent Taylor,WR,13.7,2,False,,Algorithmic scoring
00-0020513,David Terrell,WR,37.15,2,False,,Algorithmic scoring
00-0030035,Adam Thielen,WR,52.59,2,False,,Algorithmic scoring
00-0026577,Marcus Thigpen,WR,11.36,2,False,,Algorithmic scoring
00-0016214,Yancey Thigpen,WR,31.4,2,False,,Algorithmic scoring
00-0031060,De'Anthony Thomas,WR,17.5,2,False,,Algorithmic scoring
00-0027874,Demaryius Thomas,WR,67.64,2,False,,Algorithmic scoring
00-0026174,Devin Thomas,WR,20.33,2,False,,Algorithmic scoring
00-0027076,Mike Thomas,WR,30.27,2,False,,Algorithmic scoring
00-0032765,Michael Thomas,WR,71.66,2,False,,Algorithmic scoring
00-0033114,Mike Thomas,WR,19.16,2,False,,Algorithmic scoring
00-0030000,Kenbrell Thompkins,WR,15.47,2,False,,Algorithmic scoring
00-0029388,Deonte Thompson,WR,27.85,2,False,,Algorithmic scoring
00-0016373,Derrius Thompson,WR,31.76,2,False,,Algorithmic scoring
00-0038104,Tyquan Thornton,WR,18.11,2,False,,Algorithmic scoring
00-0016440,James Thrash,WR,46.7,2,False,,Algorithmic scoring
00-0036913,Kadarius Toney,WR,26.84,2,False,,Algorithmic scoring
00-0016550,Amani Toomer,WR,60.37,2,False,,Algorithmic scoring
00-0032951,Laquon Treadwell,WR,27.6,2,False,,Algorithmic scoring
00-0016654,Jason Tucker,WR,20.83,2,False,,Algorithmic scoring
00-0034867,Malik Turner,WR,21.02,2,False,,Algorithmic scoring
00-0037801,KaVontae Turpin,WR,13.83,2,False,,Algorithmic scoring
00-0021927,David Tyree,WR,26.92,2,False,,Algorithmic scoring
00-0027156,Tiquan Underwood,WR,26.56,2,False,,Algorithmic scoring
00-0021647,Jerheme Urban,WR,35.02,2,False,,Algorithmic scoring
00-0034272,Marquez Valdes-Scantling,WR,46.7,2,False,,Algorithmic scoring
00-0036613,Jaylen Waddle,WR,42.27,2,False,,Algorithmic scoring
00-0022144,Bobby Wade,WR,29.6,2,False,,Algorithmic scoring
00-0021153,Javon Walker,WR,51.68,2,False,,Algorithmic scoring
00-0026901,Mike Wallace,WR,63.63,2,False,,Algorithmic scoring
00-0017110,Chris Walsh,WR,20.36,2,False,,Algorithmic scoring
00-0021931,Kevin Walter,WR,49.44,2,False,,Algorithmic scoring
00-0027595,Bryan Walters,WR,19.38,2,False,,Algorithmic scoring
00-0019552,Troy Walters,WR,25.17,2,False,,Algorithmic scoring
00-0017160,Dedric Ward,WR,33.35,2,False,,Algorithmic scoring
00-0033733,Greg Ward,WR,26.34,2,False,,Algorithmic scoring
00-0017162,Hines Ward,WR,59.27,2,False,,Algorithmic scoring
00-0019455,Peter Warrick,WR,36.17,2,False,,Algorithmic scoring
00-0022171,Kelley Washington,WR,38.73,2,False,,Algorithmic scoring
00-0034676,James Washington,WR,33.97,2,False,,Algorithmic scoring
00-0023367,Nate Washington,WR,49.39,2,False,,Algorithmic scoring
00-0031325,Sammy Watkins,WR,52.81,2,False,,Algorithmic scoring
00-0036271,Quez Watkins,WR,29.06,2,False,,Algorithmic scoring
00-0038124,Christian Watson,WR,35.61,2,False,,Algorithmic scoring
00-0034386,Justin Watson,WR,33.29,2,False,,Algorithmic scoring
00-0022751,Darius Watts,WR,16.61,2,False,,Algorithmic scoring
00-0020498,Reggie Wayne,WR,79.37,2,False,,Algorithmic scoring
00-0024404,Jeff Webb,WR,16.8,2,False,,Algorithmic scoring
00-0024535,Eric Weems,WR,18.33,2,False,,Algorithmic scoring
00-0022427,Wes Welker,WR,53.66,2,False,,Algorithmic scoring
00-0033839,Dede Westbrook,WR,35.22,2,False,,Algorithmic scoring
00-0017470,Michael Westbrook,WR,42.82,2,False,,Algorithmic scoring
00-0036182,Nick Westbrook-Ikhine,WR,33.34,2,False,,Algorithmic scoring
00-0029033,Griff Whalen,WR,21.27,2,False,,Algorithmic scoring
00-0030460,Markus Wheaton,WR,31.69,2,False,,Algorithmic scoring
00-0019660,Dez White,WR,33.58,2,False,,Algorithmic scoring
00-0023462,Roddy White,WR,77.39,2,False,,Algorithmic scoring
00-0031757,Lucky Whitehead,WR,9.15,2,False,,Algorithmic scoring
00-0017611,Alvis Whitted,WR,31.48,2,False,,Algorithmic scoring
00-0022901,Ernest Wilford,WR,39.87,2,False,,Algorithmic scoring
00-0017697,Terrence Wilkins,WR,29.63,2,False,,Algorithmic scoring
00-0033933,Chad Williams,WR,16.11,2,False,,Algorithmic scoring
00-0027893,Damian Williams,WR,25.59,2,False,,Algorithmic scoring
00-0024326,Demetrius Williams,WR,24.92,2,False,,Algorithmic scoring
00-0019491,James Williams,WR,7.49,2,False,,Algorithmic scoring
00-0037240,Jameson Williams,WR,25.17,2,False,,Algorithmic scoring
00-0017847,Karl Williams,WR,23.24,2,False,,Algorithmic scoring
00-0027608,Kyle Williams,WR,18.6,2,False,,Algorithmic scoring
00-0023452,Mike Williams,WR,35.25,2,False,,Algorithmic scoring
00-0027702,Mike Williams,WR,37.06,2,False,,Algorithmic scoring
00-0033536,Mike Williams,WR,51.21,2,False,,Algorithmic scoring
00-0029848,Nick Williams,WR,13.99,2,False,,Algorithmic scoring
00-0035350,Preston Williams,WR,27.3,2,False,,Algorithmic scoring
00-0022889,Reggie Williams,WR,41.62,2,False,,Algorithmic scoring
00-0022909,Roy Williams,WR,51.9,2,False,,Algorithmic scoring
00-0023570,Roydell Williams,WR,27.39,2,False,,Algorithmic scoring
00-0030542,Terrance Williams,WR,44.01,2,False,,Algorithmic scoring
00-0032160,Tyrell Williams,WR,45.45,2,False,,Algorithmic scoring
00-0023442,Troy Williamson,WR,30.42,2,False,,Algorithmic scoring
00-0024756,Matt Willis,WR,16.17,2,False,,Algorithmic scoring
00-0030669,Albert Wilson,WR,37.44,2,False,,Algorithmic scoring
00-0020452,Cedrick Wilson,WR,35.57,2,False,,Algorithmic scoring
00-0034418,Cedrick Wilson Jr.,WR,30.69,2,False,,Algorithmic scoring
00-0037740,Garrett Wilson,WR,30.86,2,False,,Algorithmic scoring
00-0030047,Marquess Wilson,WR,19.28,2,False,,Algorithmic scoring
00-0018056,Robert Wilson,WR,17.23,2,False,,Algorithmic scoring
00-0034426,Javon Wims,WR,13.64,2,False,,Algorithmic scoring
00-0030431,Robert Woods,WR,50.49,2,False,,Algorithmic scoring
00-0031291,James Wright,WR,13.11,2,False,,Algorithmic scoring
00-0029572,Jarius Wright,WR,38.4,2,False,,Algorithmic scoring
00-0029708,Kendall Wright,WR,38.33,2,False,,Algorithmic scoring
00-0018382,Craig Yeast,WR,12.11,2,False,,Algorithmic scoring
00-0027982,Titus Young,WR,29.43,2,False,,Algorithmic scoring
00-0035208,Olamide Zaccheaus,WR,31.04,2,False,,Algorithmic scoring
00-0034052,Brandon Zylstra,WR,16.85,2,False,,Algorithmic scoring
00-0033929,Montravius Adams,DL,26.85,2,False,,Algorithmic scoring
00-0039031,Adetomiwa Adebawore,DL,19.65,2,False,,Algorithmic scoring
00-0036420,McTelvin Agim,DL,17.67,2,False,,Algorithmic scoring
00-0031089,Beau Allen,DL,30.66,2,False,,Algorithmic scoring
00-0033523,Jonathan Allen,DL,53.9,2,False,,Algorithmic scoring
00-0035248,Zach Allen,DL,39.98,2,False,,Algorithmic scoring
00-0032269,Henry Anderson,DL,42.36,2,False,,Algorithmic scoring
00-0039108,Will Anderson Jr.,DL,44.68,2,False,,Algorithmic scoring
00-0030059,Ezekiel Ansah,DL,56.87,2,False,,Algorithmic scoring
00-0039006,Felix Anudike-Uzomah,DL,22.06,2,False,,Algorithmic scoring
00-0032164,Arik Armstead,DL,48.94,2,False,,Algorithmic scoring
00-0034373,Dorance Armstrong,DL,34.19,2,False,,Algorithmic scoring
00-0027720,Geno Atkins,DL,70.02,2,False,,Algorithmic scoring
00-0034682,Genard Avery,DL,25.39,2,False,,Algorithmic scoring
00-0028024,Allen Bailey,DL,41.81,2,False,,Algorithmic scoring
00-0034969,Ben Banogu,DL,16.65,2,False,,Algorithmic scoring
00-0036981,Christian Barmore,DL,42.08,2,False,,Algorithmic scoring
00-0033876,Derek Barnett,DL,39.61,2,False,,Algorithmic scoring
00-0038603,Robert Beal Jr.,DL,16.89,2,False,,Algorithmic scoring
00-0032240,Vic Beasley,DL,62.69,2,False,,Algorithmic scoring
00-0032154,Michael Bennett,DL,11.5,2,False,,Algorithmic scoring
00-0039110,Keeanu Benton,DL,25.56,2,False,,Algorithmic scoring
00-0033066,Andrew Billings,DL,34.58,2,False,,Algorithmic scoring
00-0036289,Ross Blacklock,DL,30.37,2,False,,Algorithmic scoring
00-0032107,Angelo Blackson,DL,34.95,2,False,,Algorithmic scoring
00-0032413,Ronald Blair,DL,28.43,2,False,,Algorithmic scoring
00-0036649,Quinton Bohanna,DL,25.9,2,False,,Algorithmic scoring
00-0033156,Joey Bosa,DL,60.22,2,False,,Algorithmic scoring
00-0035717,Nick Bosa,DL,68.5,2,False,,Algorithmic scoring
00-0029600,Andre Branch,DL,40.96,2,False,,Algorithmic scoring
00-0033962,Caleb Brantley,DL,13.79,2,False,,Algorithmic scoring
00-0038995,Bryan Bresee,DL,35.64,2,False,,Algorithmic scoring
00-0029630,Michael Brockers,DL,50.03,2,False,,Algorithmic scoring
00-0031403,Jay Bromley,DL,24.2,2,False,,Algorithmic scoring
00-0038398,Karl Brooks,DL,26.35,2,False,,Algorithmic scoring
00-0034394,Andrew Brown,DL,16.28,2,False,,Algorithmic scoring
00-0036903,Bobby Brown III,DL,29.86,2,False,,Algorithmic scoring
00-0036220,Derrick Brown,DL,50.94,2,False,,Algorithmic scoring
00-0032261,Malcom Brown,DL,41.96,2,False,,Algorithmic scoring
00-0034842,Taven Bryan,DL,38.07,2,False,,Algorithmic scoring
00-0030553,Armonty Bryant,DL,27.59,2,False,,Algorithmic scoring
00-0035531,Austin Bryant,DL,24.82,2,False,,Algorithmic scoring
00-0032378,DeForest Buckner,DL,75.2,2,False,,Algorithmic scoring
00-0035219,Isaiah Buggs,DL,22.12,2,False,,Algorithmic scoring
00-0033093,Jonathan Bullard,DL,31.12,2,False,,Algorithmic scoring
00-0032967,Vernon Butler,DL,35.61,2,False,,Algorithmic scoring
00-0033122,Shilique Calhoun,DL,19.46,2,False,,Algorithmic scoring
00-0026190,Calais Campbell,DL,74.73,2,False,,Algorithmic scoring
00-0038386,Jalen Carter,DL,45.54,2,False,,Algorithmic scoring
00-0037804,Zachary Carter,DL,21.48,2,False,,Algorithmic scoring
00-0028015,Jurrell Casey,DL,55.32,2,False,,Algorithmic scoring
00-0033541,Taco Charlton,DL,33.07,2,False,,Algorithmic scoring
00-0033120,Kenny Clark,DL,58.45,2,False,,Algorithmic scoring
00-0031304,Will Clarke,DL,27.31,2,False,,Algorithmic scoring
00-0027958,Adrian Clayborn,DL,45.07,2,False,,Algorithmic scoring
00-0038107,Micheal Clemons,DL,28.12,2,False,,Algorithmic scoring
00-0035636,L.J. Collier,DL,28.53,2,False,,Algorithmic scoring
00-0033131,Maliek Collins,DL,43.34,2,False,,Algorithmic scoring
00-0035265,John Cominsky,DL,30.63,2,False,,Algorithmic scoring
00-0032061,Xavier Cooper,DL,26.07,2,False,,Algorithmic scoring
00-0031619,Christian Covington,DL,31.88,2,False,,Algorithmic scoring
00-0035278,Byron Cowart,DL,21.7,2,False,,Algorithmic scoring
00-0029653,Fletcher Cox,DL,77.59,2,False,,Algorithmic scoring
00-0029627,Jack Crawford,DL,40.34,2,False,,Algorithmic scoring
00-0029641,Tyrone Crawford,DL,43.23,2,False,,Algorithmic scoring
00-0034973,Maxx Crosby,DL,57.3,2,False,,Algorithmic scoring
00-0029412,Vinny Curry,DL,41.57,2,False,,Algorithmic scoring
00-0029284,Mike Daniels,DL,52.85,2,False,,Algorithmic scoring
00-0036378,Michael Danna,DL,32.12,2,False,,Algorithmic scoring
00-0027941,Marcell Dareus,DL,71.18,2,False,,Algorithmic scoring
00-0034344,Marcus Davenport,DL,44.03,2,False,,Algorithmic scoring
00-0037260,DJ Davidson,DL,27.14,2,False,,Algorithmic scoring
00-0036291,Marlon Davidson,DL,15.27,2,False,,Algorithmic scoring
00-0031938,Carl Davis,DL,31.77,2,False,,Algorithmic scoring
00-0037073,Jordan Davis,DL,40.48,2,False,,Algorithmic scoring
00-0037832,Kalia Davis,DL,18.39,2,False,,Algorithmic scoring
00-0036430,Khalil Davis,DL,25.4,2,False,,Algorithmic scoring
00-0036213,Raekwon Davis,DL,33.51,2,False,,Algorithmic scoring
00-0031947,Tyeler Davison,DL,31.33,2,False,,Algorithmic scoring
00-0033010,Sheldon Day,DL,21.97,2,False,,Algorithmic scoring
00-0039070,Gervon Dexter Sr.,DL,36.75,2,False,,Algorithmic scoring
00-0035541,Michael Dogbe,DL,20.64,2,False,,Algorithmic scoring
00-0031388,Aaron Donald,DL,72.62,2,False,,Algorithmic scoring
00-0027662,Carlos Dunlap,DL,61.12,2,False,,Algorithmic scoring
00-0031336,Kony Ealy,DL,29.91,2,False,,Algorithmic scoring
00-0033945,Samson Ebukam,DL,39.66,2,False,,Algorithmic scoring
00-0032265,Mario Edwards,DL,41.73,2,False,,Algorithmic scoring
00-0036266,Jordan Elliott,DL,29.76,2,False,,Algorithmic scoring
00-0031346,Justin Ellis,DL,27.09,2,False,,Algorithmic scoring
00-0037083,Kingsley Enagbare,DL,27.03,2,False,,Algorithmic scoring
00-0036192,A.J. Epenesa,DL,33.09,2,False,,Algorithmic scoring
00-0038093,Neil Farrell,DL,19.54,2,False,,Algorithmic scoring
00-0034275,Foley Fatukasi,DL,38.2,2,False,,Algorithmic scoring
00-0031317,Terrence Fede,DL,18.38,2,False,,Algorithmic scoring
00-0035692,Clelin Ferrell,DL,37.37,2,False,,Algorithmic scoring
00-0033072,Leonard Floyd,DL,47.56,2,False,,Algorithmic scoring
00-0031297,Dee Ford,DL,46.98,2,False,,Algorithmic scoring
00-0039143,Isaiah Foskey,DL,18.79,2,False,,Algorithmic scoring
00-0036371,Leki Fotu,DL,29.19,2,False,,Algorithmic scoring
00-0032052,Dante Fowler Jr.,DL,41.99,2,False,,Algorithmic scoring
00-0034805,John Franklin-Myers,DL,40.54,2,False,,Algorithmic scoring
00-0035667,Greg Gaines,DL,33.59,2,False,,Algorithmic scoring
00-0036366,Neville Gallimore,DL,26.81,2,False,,Algorithmic scoring
00-0033868,Myles Garrett,DL,74.47,2,False,,Algorithmic scoring
00-0036239,Jonathan Garvin,DL,13.38,2,False,,Algorithmic scoring
00-0034967,Rashan Gary,DL,57.17,2,False,,Algorithmic scoring
00-0030386,William Gholston,DL,44.06,2,False,,Algorithmic scoring
00-0033786,Ryan Glasgow,DL,12.64,2,False,,Algorithmic scoring
00-0033860,Davon Godchaux,DL,33.2,2,False,,Algorithmic scoring
00-0031551,Eddie Goldman,DL,41.12,2,False,,Algorithmic scoring
00-0033064,Adam Gotsis,DL,38.84,2,False,,Algorithmic scoring
00-0027865,Brandon Graham,DL,56.54,2,False,,Algorithmic scoring
00-0036948,Ta'Quon Graham,DL,24.33,2,False,,Algorithmic scoring
00-0034831,Rasheem Green,DL,40.25,2,False,,Algorithmic scoring
00-0031940,Geneo Grissom,DL,13.5,2,False,,Algorithmic scoring
00-0036288,Yetur Gross-Matos,DL,35.04,2,False,,Algorithmic scoring
00-0032131,Rodney Gunter,DL,41.1,2,False,,Algorithmic scoring
00-0028171,Lawrence Guy,DL,45.7,2,False,,Algorithmic scoring
00-0031281,Ra'Shede Hageman,DL,37.66,2,False,,Algorithmic scoring
00-0034262,P.J. Hall,DL,27.52,2,False,,Algorithmic scoring
00-0036262,DaVon Hamilton,DL,37.46,2,False,,Algorithmic scoring
00-0034371,Da'Shawn Hand,DL,30.71,2,False,,Algorithmic scoring
00-0030063,Johnathan Hankins,DL,46.98,2,False,,Algorithmic scoring
00-0037843,Daniel Hardy,DL,9.62,2,False,,Algorithmic scoring
00-0033109,Javon Hargrave,DL,55.53,2,False,,Algorithmic scoring
00-0031270,Shelby Harris,DL,40.84,2,False,,Algorithmic scoring
00-0038980,Zach Harrison,DL,24.26,2,False,,Algorithmic scoring
00-0026243,William Hayes,DL,42.91,2,False,,Algorithmic scoring
00-0033935,Trey Hendrickson,DL,66.33,2,False,,Algorithmic scoring
00-0032409,Willie Henry,DL,21.59,2,False,,Algorithmic scoring
00-0033976,Treyvon Hester,DL,19.67,2,False,,Algorithmic scoring
00-0027969,Cameron Heyward,DL,76.06,2,False,,Algorithmic scoring
00-0034800,B.J. Hill,DL,46.04,2,False,,Algorithmic scoring
00-0035247,Trysten Hill,DL,22.34,2,False,,Algorithmic scoring
00-0035642,Josh Hines-Allen,DL,57.79,2,False,,Algorithmic scoring
00-0034264,Jalyn Holmes,DL,27.26,2,False,,Algorithmic scoring
00-0027008,Ziggy Hood,DL,43.65,2,False,,Algorithmic scoring
00-0039009,Dylan Horton,DL,13.9,2,False,,Algorithmic scoring
00-0037310,James Houston,DL,18.58,2,False,,Algorithmic scoring
00-0027881,Jerry Hughes,DL,45.75,2,False,,Algorithmic scoring
00-0030449,Margus Hunt,DL,42.87,2,False,,Algorithmic scoring
00-0031565,Danielle Hunter,DL,59.5,2,False,,Algorithmic scoring
00-0034746,Maurice Hurst,DL,31.29,2,False,,Algorithmic scoring
00-0037236,Aidan Hutchinson,DL,54.01,2,False,,Algorithmic scoring
00-0037826,Drake Jackson,DL,24.98,2,False,,Algorithmic scoring
00-0035281,Joe Jackson,DL,16.11,2,False,,Algorithmic scoring
00-0029568,Malik Jackson,DL,54.4,2,False,,Algorithmic scoring
00-0036921,Tarron Jackson,DL,11.01,2,False,,Algorithmic scoring
00-0031583,Grady Jarrett,DL,51.59,2,False,,Algorithmic scoring
00-0026502,Ricky Jean Francois,DL,33.05,2,False,,Algorithmic scoring
00-0032416,Quinton Jefferson,DL,39.32,2,False,,Algorithmic scoring
00-0027979,Jarvis Jenkins,DL,31.48,2,False,,Algorithmic scoring
00-0030070,John Jenkins,DL,36.61,2,False,,Algorithmic scoring
00-0032970,Jordan Jenkins,DL,34.61,2,False,,Algorithmic scoring
00-0031170,Timmy Jernigan,DL,34.83,2,False,,Algorithmic scoring
00-0032763,Austin Johnson,DL,37.32,2,False,,Algorithmic scoring
00-0039061,Desjuan Johnson,DL,18.07,2,False,,Algorithmic scoring
00-0037269,Eric Johnson,DL,24.07,2,False,,Algorithmic scoring
00-0033940,Jaleel Johnson,DL,28.51,2,False,,Algorithmic scoring
00-0027044,Michael Johnson,DL,54.13,2,False,,Algorithmic scoring
00-0038635,Andre Jones Jr.,DL,14.93,2,False,,Algorithmic scoring
00-0030106,Chris Jones,DL,24.05,2,False,,Algorithmic scoring
00-0032762,Chris Jones,DL,75.91,2,False,,Algorithmic scoring
00-0031054,DaQuan Jones,DL,43.55,2,False,,Algorithmic scoring
00-0030576,Datone Jones,DL,34.2,2,False,,Algorithmic scoring
00-0033297,D.J. Jones,DL,34.31,2,False,,Algorithmic scoring
00-0034677,Justin Jones,DL,36.28,2,False,,Algorithmic scoring
00-0033934,Nazair Jones,DL,21.47,2,False,,Algorithmic scoring
00-0037756,Travis Jones,DL,34.84,2,False,,Algorithmic scoring
00-0027962,Cameron Jordan,DL,73.82,2,False,,Algorithmic scoring
00-0030555,Dion Jordan,DL,42.7,2,False,,Algorithmic scoring
00-0027885,Linval Joseph,DL,62.41,2,False,,Algorithmic scoring
00-0034810,Sebastian Joseph-Day,DL,42.49,2,False,,Algorithmic scoring
00-0039063,Calijah Kancey,DL,31.77,2,False,,Algorithmic scoring
00-0037192,George Karlaftis,DL,35.34,2,False,,Algorithmic scoring
00-0034984,Kingsley Keke,DL,25.0,2,False,,Algorithmic scoring
00-0027954,Ryan Kerrigan,DL,61.25,2,False,,Algorithmic scoring
00-0032138,Darius Kilgo,DL,20.57,2,False,,Algorithmic scoring
00-0030121,David King,DL,19.45,2,False,,Algorithmic scoring
00-0036260,Javon Kinlaw,DL,43.06,2,False,,Algorithmic scoring
00-0036989,Malcolm Koonce,DL,25.03,2,False,,Algorithmic scoring
00-0033902,Tanoh Kpassagnon,DL,41.44,2,False,,Algorithmic scoring
00-0026206,Kendall Langford,DL,47.7,2,False,,Algorithmic scoring
00-0031411,DeMarcus Lawrence,DL,51.44,2,False,,Algorithmic scoring
00-0035683,Dexter Lawrence,DL,61.24,2,False,,Algorithmic scoring
00-0036373,Rashard Lawrence,DL,14.13,2,False,,Algorithmic scoring
00-0033463,Carl Lawson,DL,37.53,2,False,,Algorithmic scoring
00-0033096,Shaq Lawson,DL,39.9,2,False,,Algorithmic scoring
00-0033582,Jeremiah Ledbetter,DL,23.3,2,False,,Algorithmic scoring
00-0034359,Tyquan Lewis,DL,32.82,2,False,,Algorithmic scoring
00-0027956,Corey Liuget,DL,44.46,2,False,,Algorithmic scoring
00-0030507,Bennie Logan,DL,36.76,2,False,,Algorithmic scoring
00-0026142,Chris Long,DL,49.08,2,False,,Algorithmic scoring
00-0036568,Roy Lopez,DL,29.78,2,False,,Algorithmic scoring
00-0030455,Star Lotulelei,DL,41.57,2,False,,Algorithmic scoring
00-0036843,Isaiahh Loudermilk,DL,20.66,2,False,,Algorithmic scoring
00-0032412,Dean Lowry,DL,45.37,2,False,,Algorithmic scoring
00-0036337,James Lynch,DL,21.63,2,False,,Algorithmic scoring
00-0036130,Nnamdi Madubuike,DL,53.31,2,False,,Algorithmic scoring
00-0034163,Jacob Martin,DL,28.76,2,False,,Algorithmic scoring
00-0038099,Phidarian Mathis,DL,23.99,2,False,,Algorithmic scoring
00-0038614,Scott Matlock,DL,19.53,2,False,,Algorithmic scoring
00-0028003,Terrell McClain,DL,32.45,2,False,,Algorithmic scoring
00-0027856,Gerald McCoy,DL,69.02,2,False,,Algorithmic scoring
00-0031193,Dan McCullers,DL,28.55,2,False,,Algorithmic scoring
00-0026964,Clinton McDonald,DL,39.34,2,False,,Algorithmic scoring
00-0039142,Will McDonald IV,DL,30.34,2,False,,Algorithmic scoring
00-0030515,Stacy McGee,DL,32.99,2,False,,Algorithmic scoring
00-0038574,Isaiah McGuire,DL,22.8,2,False,,Algorithmic scoring
00-0034848,R.J. McIntosh,DL,20.29,2,False,,Algorithmic scoring
00-0033540,Takk McKinley,DL,32.68,2,False,,Algorithmic scoring
00-0036624,Alim McNeill,DL,36.84,2,False,,Algorithmic scoring
00-0025472,Brandon Mebane,DL,41.57,2,False,,Algorithmic scoring
00-0029643,Whitney Mercilus,DL,48.14,2,False,,Algorithmic scoring
00-0027684,Earl Mitchell,DL,37.63,2,False,,Algorithmic scoring
00-0027777,Arthur Moats,DL,30.76,2,False,,Algorithmic scoring
00-0030069,Damontre Moore,DL,25.56,2,False,,Algorithmic scoring
00-0031081,Zach Moore,DL,21.38,2,False,,Algorithmic scoring
00-0033574,Avery Moss,DL,12.99,2,False,,Algorithmic scoring
00-0033964,Al-Quadin Muhammad,DL,29.44,2,False,,Algorithmic scoring
00-0036237,Larrell Murchison,DL,15.29,2,False,,Algorithmic scoring
00-0038546,Myles Murphy,DL,24.59,2,False,,Algorithmic scoring
00-0031300,Trent Murphy,DL,40.1,2,False,,Algorithmic scoring
00-0033123,Yannick Ngakoue,DL,49.76,2,False,,Algorithmic scoring
00-0024227,Haloti Ngata,DL,76.04,2,False,,Algorithmic scoring
00-0034387,Bilal Nichols,DL,40.43,2,False,,Algorithmic scoring
00-0032761,Robert Nkemdiche,DL,26.81,2,False,,Algorithmic scoring
00-0034818,Derrick Nnadi,DL,30.79,2,False,,Algorithmic scoring
00-0031957,Rakeem Nunez-Roches,DL,29.29,2,False,,Algorithmic scoring
00-0033595,Pat O'Connor,DL,22.78,2,False,,Algorithmic scoring
00-0033969,Ifeadi Odenigbo,DL,27.09,2,False,,Algorithmic scoring
00-0036480,Dayo Odeyingbo,DL,39.01,2,False,,Algorithmic scoring
00-0036942,Osa Odighizuwa,DL,35.99,2,False,,Algorithmic scoring
00-0033073,Emmanuel Ogbah,DL,46.02,2,False,,Algorithmic scoring
00-0037270,Otito Ogbonnia,DL,26.72,2,False,,Algorithmic scoring
00-0033905,Larry Ogunjobi,DL,45.17,2,False,,Algorithmic scoring
00-0038412,Moro Ojomo,DL,13.06,2,False,,Algorithmic scoring
00-0030503,Alex Okafor,DL,39.15,2,False,,Algorithmic scoring
00-0034807,Ogbo Okoronkwo,DL,28.91,2,False,,Algorithmic scoring
00-0036249,Julian Okwara,DL,27.07,2,False,,Algorithmic scoring
00-0035230,Ed Oliver,DL,43.65,2,False,,Algorithmic scoring
00-0035279,Charles Omenihu,DL,35.66,2,False,,Algorithmic scoring
00-0036954,Levi Onwuzurike,DL,28.31,2,False,,Algorithmic scoring
00-0033051,David Onyemata,DL,49.27,2,False,,Algorithmic scoring
00-0031556,Nate Orchard,DL,27.49,2,False,,Algorithmic scoring
00-0036902,Joseph Ossai,DL,26.12,2,False,,Algorithmic scoring
00-0031592,David Parry,DL,28.32,2,False,,Algorithmic scoring
00-0038096,Joshua Paschal,DL,23.36,2,False,,Algorithmic scoring
00-0036479,Kwity Paye,DL,42.95,2,False,,Algorithmic scoring
00-0034333,Daron Payne,DL,58.89,2,False,,Algorithmic scoring
00-0024338,Domata Peko Sr.,DL,44.39,2,False,,Algorithmic scoring
00-0036238,John Penisini,DL,21.56,2,False,,Algorithmic scoring
00-0027686,Corey Peters,DL,47.87,2,False,,Algorithmic scoring
00-0034782,Harrison Phillips,DL,36.35,2,False,,Algorithmic scoring
00-0031557,Jordan Phillips,DL,49.35,2,False,,Algorithmic scoring
00-0032116,Darius Philon,DL,25.85,2,False,,Algorithmic scoring
00-0038937,Zacch Pickens,DL,20.91,2,False,,Algorithmic scoring
00-0027952,Robert Quinn,DL,68.97,2,False,,Algorithmic scoring
00-0032759,Sheldon Rankins,DL,44.54,2,False,,Algorithmic scoring
00-0032424,DJ Reader,DL,40.23,2,False,,Algorithmic scoring
00-0032387,Jarran Reed,DL,48.41,2,False,,Algorithmic scoring
00-0031071,Caraun Reid,DL,20.05,2,False,,Algorithmic scoring
00-0029256,Kendall Reyes,DL,42.94,2,False,,Algorithmic scoring
00-0032402,Hassan Ridgeway,DL,28.88,2,False,,Algorithmic scoring
00-0037283,John Ridgeway,DL,23.85,2,False,,Algorithmic scoring
00-0038506,Jordon Riley,DL,23.4,2,False,,Algorithmic scoring
00-0031615,Christian Ringo,DL,18.47,2,False,,Algorithmic scoring
00-0033920,Derek Rivers,DL,23.26,2,False,,Algorithmic scoring
00-0032889,A'Shawn Robinson,DL,41.11,2,False,,Algorithmic scoring
00-0037082,Dominique Robinson,DL,21.75,2,False,,Algorithmic scoring
00-0036878,Janarius Robinson,DL,18.72,2,False,,Algorithmic scoring
00-0025489,Brian Robison,DL,44.01,2,False,,Algorithmic scoring
00-0033588,Isaac Rochell,DL,27.9,2,False,,Algorithmic scoring
00-0036914,Greg Rousseau,DL,43.6,2,False,,Algorithmic scoring
00-0036311,Bravvion Roy,DL,24.37,2,False,,Algorithmic scoring
00-0026330,Ahtyba Rubin,DL,41.71,2,False,,Algorithmic scoring
00-0024306,Frostee Rucker,DL,38.92,2,False,,Algorithmic scoring
00-0036867,Chris Rumph II,DL,12.11,2,False,,Algorithmic scoring
00-0031948,Ryan Russell,DL,21.99,2,False,,Algorithmic scoring
00-0036850,Cameron Sample,DL,24.31,2,False,,Algorithmic scoring
00-0035656,Khalen Saunders,DL,32.2,2,False,,Algorithmic scoring
00-0034363,Deadrin Senat,DL,18.79,2,False,,Algorithmic scoring
00-0034397,Tim Settle,DL,33.08,2,False,,Algorithmic scoring
00-0027975,Jabaal Sheard,DL,48.25,2,False,,Algorithmic scoring
00-0032143,Danny Shelton,DL,38.59,2,False,,Algorithmic scoring
00-0034760,Nathan Shepherd,DL,39.18,2,False,,Algorithmic scoring
00-0030448,Kawann Short,DL,55.42,2,False,,Algorithmic scoring
00-0034285,Zach Sieler,DL,48.04,2,False,,Algorithmic scoring
00-0031620,Deon Simon,DL,23.43,2,False,,Algorithmic scoring
00-0036642,Tedarrell Slaton,DL,31.82,2,False,,Algorithmic scoring
00-0033963,Tanzel Smart,DL,9.2,2,False,,Algorithmic scoring
00-0027945,Aldon Smith,DL,64.77,2,False,,Algorithmic scoring
00-0038545,Mazi Smith,DL,29.83,2,False,,Algorithmic scoring
00-0031935,Preston Smith,DL,50.08,2,False,,Algorithmic scoring
00-0031576,Za'Darius Smith,DL,52.45,2,False,,Algorithmic scoring
00-0036351,James Smith-Williams,DL,28.73,2,False,,Algorithmic scoring
00-0033907,Dawuane Smoot,DL,37.33,2,False,,Algorithmic scoring
00-0034774,Breeland Speaks,DL,19.92,2,False,,Algorithmic scoring
00-0030402,Akeem Spence,DL,36.11,2,False,,Algorithmic scoring
00-0032952,Noah Spence,DL,21.01,2,False,,Algorithmic scoring
00-0031242,Shamar Stephen,DL,31.96,2,False,,Algorithmic scoring
00-0033952,Grover Stewart,DL,45.45,2,False,,Algorithmic scoring
00-0034320,Kentavius Street,DL,31.23,2,False,,Algorithmic scoring
00-0027855,Ndamukong Suh,DL,77.18,2,False,,Algorithmic scoring
00-0031048,Will Sutton,DL,15.74,2,False,,Algorithmic scoring
00-0035647,Montez Sweat,DL,56.64,2,False,,Algorithmic scoring
00-0036413,Darrell Taylor,DL,36.1,2,False,,Algorithmic scoring
00-0027959,Phillip Taylor,DL,33.69,2,False,,Algorithmic scoring
00-0033469,Vincent Taylor,DL,21.51,2,False,,Algorithmic scoring
00-0037815,Cameron Thomas,DL,20.94,2,False,,Algorithmic scoring
00-0034770,Chad Thomas,DL,25.49,2,False,,Algorithmic scoring
00-0033870,Solomon Thomas,DL,42.52,2,False,,Algorithmic scoring
00-0035674,Jerry Tillery,DL,39.88,2,False,,Algorithmic scoring
00-0036883,Tommy Togiai,DL,20.93,2,False,,Algorithmic scoring
00-0033546,Dalvin Tomlinson,DL,45.14,2,False,,Algorithmic scoring
00-0036666,Shaka Toney,DL,10.37,2,False,,Algorithmic scoring
00-0036909,Khyiris Tonga,DL,24.27,2,False,,Algorithmic scoring
00-0036403,Casey Toohill,DL,24.54,2,False,,Algorithmic scoring
00-0036967,Joe Tryon-Shoyinka,DL,36.97,2,False,,Algorithmic scoring
00-0036881,Jay Tufele,DL,19.22,2,False,,Algorithmic scoring
00-0036920,Marlon Tuipulotu,DL,23.06,2,False,,Algorithmic scoring
00-0031412,Stephon Tuitt,DL,53.06,2,False,,Algorithmic scoring
00-0034354,Kemoko Turay,DL,30.66,2,False,,Algorithmic scoring
00-0039138,Kobie Turner,DL,35.39,2,False,,Algorithmic scoring
00-0036926,Payton Turner,DL,27.81,2,False,,Algorithmic scoring
00-0031177,Brent Urban,DL,41.24,2,False,,Algorithmic scoring
00-0032396,Vincent Valentine,DL,15.59,2,False,,Algorithmic scoring
00-0039112,Lukas Van Ness,DL,32.0,2,False,,Algorithmic scoring
00-0033924,Eddie Vanderdoes,DL,21.5,2,False,,Algorithmic scoring
00-0033782,DeMarcus Walker,DL,38.87,2,False,,Algorithmic scoring
00-0037235,Travon Walker,DL,45.31,2,False,,Algorithmic scoring
00-0031607,L.T. Walton,DL,19.98,2,False,,Algorithmic scoring
00-0033037,Adolphus Washington,DL,24.07,2,False,,Algorithmic scoring
00-0036081,Broderick Washington,DL,27.99,2,False,,Algorithmic scoring
00-0033563,Carlos Watkins,DL,30.23,2,False,,Algorithmic scoring
00-0034992,Armon Watts,DL,33.65,2,False,,Algorithmic scoring
00-0032448,Stephen Weatherly,DL,29.72,2,False,,Algorithmic scoring
00-0036938,Rashad Weaver,DL,19.11,2,False,,Algorithmic scoring
00-0027968,Muhammad Wilkerson,DL,60.77,2,False,,Algorithmic scoring
00-0030511,Brandon Williams,DL,45.07,2,False,,Algorithmic scoring
00-0031933,Leonard Williams,DL,65.18,2,False,,Algorithmic scoring
00-0036916,Milton Williams,DL,35.83,2,False,,Algorithmic scoring
00-0030500,Nick Williams,DL,34.68,2,False,,Algorithmic scoring
00-0035718,Quinnen Williams,DL,69.69,2,False,,Algorithmic scoring
00-0037665,Sam Williams,DL,29.19,2,False,,Algorithmic scoring
00-0030577,Sylvester Williams,DL,35.53,2,False,,Algorithmic scoring
00-0033912,Jordan Willis,DL,30.66,2,False,,Algorithmic scoring
00-0038541,Tyree Wilson,DL,27.86,2,False,,Algorithmic scoring
00-0029303,Billy Winn,DL,27.31,2,False,,Algorithmic scoring
00-0033947,Deatrich Wise,DL,42.67,2,False,,Algorithmic scoring
00-0029586,Derek Wolfe,DL,51.0,2,False,,Algorithmic scoring
00-0038387,Colby Wooden,DL,16.42,2,False,,Algorithmic scoring
00-0027723,Al Woods,DL,41.56,2,False,,Algorithmic scoring
00-0033913,Chris Wormley,DL,38.09,2,False,,Algorithmic scoring
00-0029257,Jerel Worthy,DL,20.93,2,False,,Algorithmic scoring
00-0037251,Alex Wright,DL,24.37,2,False,,Algorithmic scoring
00-0037075,Devonte Wyatt,DL,35.26,2,False,,Algorithmic scoring
00-0038978,Byron Young,DL,33.07,2,False,,Algorithmic scoring
00-0036321,Chase Young,DL,49.36,2,False,,Algorithmic scoring
00-0032435,Anthony Zettel,DL,28.06,2,False,,Algorithmic scoring
00-0033102,Roberto Aguayo,K,21.36,2,False,,Algorithmic scoring
00-0036162,Tyler Bass,K,4.55,2,False,,Algorithmic scoring
00-0029421,Randy Bullock,K,13.64,2,False,,Algorithmic scoring
00-0033303,Harrison Butker,K,7.27,2,False,,Algorithmic scoring
00-0038402,Anders Carlson,K,11.14,2,False,,Algorithmic scoring
00-0034161,Daniel Carlson,K,42.27,2,False,,Algorithmic scoring
00-0025565,Nick Folk,K,33.18,2,False,,Algorithmic scoring
00-0035269,Matt Gay,K,40.68,2,False,,Algorithmic scoring
00-0033862,Zane Gonzalez,K,5.0,2,False,,Algorithmic scoring
00-0024333,Stephen Gostkowski,K,77.95,2,False,,Algorithmic scoring
00-0030098,Dustin Hopkins,K,12.05,2,False,,Algorithmic scoring
00-0019646,Sebastian Janikowski,K,48.41,2,False,,Algorithmic scoring
00-0036854,Evan McPherson,K,13.64,2,False,,Algorithmic scoring
00-0038562,Jake Moody,K,21.82,2,False,,Algorithmic scoring
00-0023482,Mike Nugent,K,19.55,2,False,,Algorithmic scoring
00-0038567,Chad Ryland,K,18.18,2,False,,Algorithmic scoring
00-0035145,Austin Seibert,K,9.77,2,False,,Algorithmic scoring
00-0030390,Caleb Sturgis,K,10.91,2,False,,Algorithmic scoring
00-0026968,Ryan Succop,K,7.5,2,False,,Algorithmic scoring
00-0029576,Blair Walsh,K,53.41,2,False,,Algorithmic scoring
00-0038097,Cade York,K,18.64,2,False,,Algorithmic scoring
00-0029621,Greg Zuerlein,K,56.36,2,False,,Algorithmic scoring
00-0000104,Troy Aikman,QB,99.0,1,True,2.0,"Three titles. Statistics were never gaudy, but he rarely made a crippling mistake which is why the Cowboys consistently won"
00-0034857,Josh Allen,QB,71.2,2,False,,Algorithmic scoring
00-0034577,Kyle Allen,QB,9.2,2,False,,Algorithmic scoring
00-0023645,Derek Anderson,QB,22.48,2,False,,Algorithmic scoring
00-0000722,Tony Banks,QB,13.08,2,False,,Algorithmic scoring
00-0030533,Matt Barkley,QB,6.47,2,False,,Algorithmic scoring
00-0000865,Charlie Batch,QB,15.06,2,False,,Algorithmic scoring
00-0033936,C.J. Beathard,QB,8.27,2,False,,Algorithmic scoring
00-0001218,Steve Beuerlein,QB,13.45,2,False,,Algorithmic scoring
00-0001335,Jeff Blake,QB,14.14,2,False,,Algorithmic scoring
00-0001361,Drew Bledsoe,QB,46.58,2,False,,Algorithmic scoring
00-0022164,Kyle Boller,QB,14.79,2,False,,Algorithmic scoring
00-0022026,Brooks Bollinger,QB,3.65,2,False,,Algorithmic scoring
00-0031407,Blake Bortles,QB,52.33,2,False,,Algorithmic scoring
00-0034177,Tim Boyle,QB,3.11,2,False,,Algorithmic scoring
00-0027854,Sam Bradford,QB,19.95,2,False,,Algorithmic scoring
00-0019596,Tom Brady,QB,100.0,1,True,1.0,"7 Super Bowl wins, 5 Super Bowl MVPs, most playoff wins and TDs in history"
00-0020531,Drew Brees,QB,99.0,1,True,2.0,He and Sean Payton put up some obscene volume numbers for several years
00-0031237,Teddy Bridgewater,QB,31.38,2,False,,Algorithmic scoring
00-0033119,Jacoby Brissett,QB,15.32,2,False,,Algorithmic scoring
00-0001823,Aaron Brooks,QB,53.97,2,False,,Algorithmic scoring
00-0002110,Mark Brunell,QB,53.4,2,False,,Algorithmic scoring
00-0019599,Marc Bulger,QB,54.02,2,False,,Algorithmic scoring
00-0036442,Joe Burrow,QB,63.37,2,False,,Algorithmic scoring
00-0023460,Jason Campbell,QB,19.58,2,False,,Algorithmic scoring
00-0020608,David Carr,QB,18.07,2,False,,Algorithmic scoring
00-0031280,Derek Carr,QB,56.71,2,False,,Algorithmic scoring
00-0020404,Quincy Carter,QB,19.01,2,False,,Algorithmic scoring
00-0023662,Matt Cassel,QB,33.19,2,False,,Algorithmic scoring
00-0002876,Chris Chandler,QB,14.31,2,False,,Algorithmic scoring
00-0027659,Jimmy Clausen,QB,3.3,2,False,,Algorithmic scoring
00-0024264,Kellen Clemens,QB,10.05,2,False,,Algorithmic scoring
00-0003292,Kerry Collins,QB,63.68,2,False,,Algorithmic scoring
00-0003315,Todd Collins,QB,34.5,2,False,,Algorithmic scoring
00-0003535,Tim Couch,QB,15.61,2,False,,Algorithmic scoring
00-0029604,Kirk Cousins,QB,65.83,2,False,,Algorithmic scoring
00-0024300,Brodie Croyle,QB,3.0,2,False,,Algorithmic scoring
00-0003739,Daunte Culpepper,QB,61.37,2,False,,Algorithmic scoring
00-0003761,Randall Cunningham,QB,6.42,2,False,,Algorithmic scoring
00-0024226,Jay Cutler,QB,59.19,2,False,,Algorithmic scoring
00-0027973,Andy Dalton,QB,59.28,2,False,,Algorithmic scoring
00-0026544,Chase Daniel,QB,6.43,2,False,,Algorithmic scoring
00-0034869,Sam Darnold,QB,21.13,2,False,,Algorithmic scoring
00-0004161,Jake Delhomme,QB,61.44,2,False,,Algorithmic scoring
00-0004229,Koy Detmer,QB,11.19,2,False,,Algorithmic scoring
00-0004293,Trent Dilfer,QB,49.53,2,False,,Algorithmic scoring
00-0033949,Joshua Dobbs,QB,5.94,2,False,,Algorithmic scoring
00-0022039,Ken Dorsey,QB,3.08,2,False,,Algorithmic scoring
00-0032436,Jeff Driskel,QB,6.37,2,False,,Algorithmic scoring
00-0025479,Trent Edwards,QB,10.38,2,False,,Algorithmic scoring
00-0005106,Brett Favre,QB,99.0,1,True,2.0,The Dallas Cowboys are the only reason he isn't higher on this list
00-0020305,A.J. Feeley,QB,9.9,2,False,,Algorithmic scoring
00-0005180,Jay Fiedler,QB,49.13,2,False,,Algorithmic scoring
00-0036945,Justin Fields,QB,11.86,2,False,,Algorithmic scoring
00-0023682,Ryan Fitzpatrick,QB,22.84,2,False,,Algorithmic scoring
00-0026158,Joe Flacco,QB,69.78,2,False,,Algorithmic scoring
00-0005363,Doug Flutie,QB,13.27,2,False,,Algorithmic scoring
00-0026349,Matt Flynn,QB,7.12,2,False,,Algorithmic scoring
00-0029567,Nick Foles,QB,65.27,2,False,,Algorithmic scoring
00-0026993,Josh Freeman,QB,17.36,2,False,,Algorithmic scoring
00-0005589,Gus Frerotte,QB,44.65,2,False,,Algorithmic scoring
00-0023502,Charlie Frye,QB,8.32,2,False,,Algorithmic scoring
00-0027948,Blaine Gabbert,QB,17.31,2,False,,Algorithmic scoring
00-0005741,Rich Gannon,QB,58.55,2,False,,Algorithmic scoring
00-0005755,Jeff Garcia,QB,59.45,2,False,,Algorithmic scoring
00-0031345,Jimmy Garoppolo,QB,53.66,2,False,,Algorithmic scoring
00-0021231,David Garrard,QB,56.55,2,False,,Algorithmic scoring
00-0005885,Jeff George,QB,46.98,2,False,,Algorithmic scoring
00-0030520,Mike Glennon,QB,14.29,2,False,,Algorithmic scoring
00-0033106,Jared Goff,QB,68.75,2,False,,Algorithmic scoring
00-0024408,Bruce Gradkowski,QB,16.63,2,False,,Algorithmic scoring
00-0006212,Kent Graham,QB,5.5,2,False,,Algorithmic scoring
00-0006300,Elvis Grbac,QB,40.42,2,False,,Algorithmic scoring
00-0006355,Trent Green,QB,49.96,2,False,,Algorithmic scoring
00-0006423,Brian Griese,QB,19.73,2,False,,Algorithmic scoring
00-0029665,Robert Griffin III,QB,45.66,2,False,,Algorithmic scoring
00-0022121,Rex Grossman,QB,50.3,2,False,,Algorithmic scoring
00-0006808,Jim Harbaugh,QB,7.3,2,False,,Algorithmic scoring
00-0021141,Joey Harrington,QB,16.64,2,False,,Algorithmic scoring
00-0035232,Dwayne Haskins,QB,5.36,2,False,,Algorithmic scoring
00-0007091,Matt Hasselbeck,QB,73.35,2,False,,Algorithmic scoring
00-0031800,Taylor Heinicke,QB,38.12,2,False,,Algorithmic scoring
00-0026197,Chad Henne,QB,42.72,2,False,,Algorithmic scoring
00-0036355,Justin Herbert,QB,50.46,2,False,,Algorithmic scoring
00-0020679,Shaun Hill,QB,14.84,2,False,,Algorithmic scoring
00-0007576,Kelly Holcomb,QB,43.15,2,False,,Algorithmic scoring
00-0037077,Sam Howell,QB,7.61,2,False,,Algorithmic scoring
00-0026625,Brian Hoyer,QB,23.88,2,False,,Algorithmic scoring
00-0007835,Damon Huard,QB,18.59,2,False,,Algorithmic scoring
00-0031589,Brett Hundley,QB,3.42,2,False,,Algorithmic scoring
00-0035993,Tyler Huntley,QB,31.6,2,False,,Algorithmic scoring
00-0036389,Jalen Hurts,QB,56.87,2,False,,Algorithmic scoring
00-0034796,Lamar Jackson,QB,72.83,2,False,,Algorithmic scoring
00-0024279,Tarvaris Jackson,QB,22.47,2,False,,Algorithmic scoring
00-0019087,Doug Johnson,QB,11.81,2,False,,Algorithmic scoring
00-0008442,Brad Johnson,QB,58.68,2,False,,Algorithmic scoring
00-0026300,Josh Johnson,QB,14.1,2,False,,Algorithmic scoring
00-0008612,Rob Johnson,QB,17.06,2,False,,Algorithmic scoring
00-0035710,Daniel Jones,QB,46.27,2,False,,Algorithmic scoring
00-0030524,Landry Jones,QB,9.41,2,False,,Algorithmic scoring
00-0036972,Mac Jones,QB,46.47,2,False,,Algorithmic scoring
00-0027974,Colin Kaepernick,QB,55.52,2,False,,Algorithmic scoring
00-0028986,Case Keenum,QB,48.32,2,False,,Algorithmic scoring
00-0033104,Cody Kessler,QB,2.58,2,False,,Algorithmic scoring
00-0009266,Shaun King,QB,38.04,2,False,,Algorithmic scoring
00-0009311,Jon Kitna,QB,51.2,2,False,,Algorithmic scoring
00-0033899,DeShone Kizer,QB,5.53,2,False,,Algorithmic scoring
00-0025423,Kevin Kolb,QB,10.5,2,False,,Algorithmic scoring
00-0036971,Trevor Lawrence,QB,54.93,2,False,,Algorithmic scoring
00-0022177,Byron Leftwich,QB,25.93,2,False,,Algorithmic scoring
00-0024225,Matt Leinart,QB,16.31,2,False,,Algorithmic scoring
00-0035704,Drew Lock,QB,10.24,2,False,,Algorithmic scoring
00-0027946,Jake Locker,QB,10.16,2,False,,Algorithmic scoring
00-0022912,J.P. Losman,QB,12.03,2,False,,Algorithmic scoring
00-0036264,Jordan Love,QB,44.7,2,False,,Algorithmic scoring
00-0010137,Ray Lucas,QB,6.22,2,False,,Algorithmic scoring
00-0029668,Andrew Luck,QB,69.79,2,False,,Algorithmic scoring
00-0010261,Tommy Maddox,QB,47.97,2,False,,Algorithmic scoring
00-0033873,Patrick Mahomes,QB,100.0,1,True,1.0,"3 Super Bowl wins, 3 Super Bowl MVPs, generational talent with exceptional arm strength"
00-0028012,Ryan Mallett,QB,4.83,2,False,,Algorithmic scoring
00-0022803,Eli Manning,QB,75.28,2,False,,Algorithmic scoring
00-0010346,Peyton Manning,QB,99.0,1,True,2.0,"Greatest regular season QB of all time, unfortunately had some stumbles in the postseason"
00-0030526,EJ Manuel,QB,9.37,2,False,,Algorithmic scoring
00-0032268,Marcus Mariota,QB,53.24,2,False,,Algorithmic scoring
00-0010455,Jamie Martin,QB,6.96,2,False,,Algorithmic scoring
00-0010560,Shane Matthews,QB,16.61,2,False,,Algorithmic scoring
00-0034855,Baker Mayfield,QB,64.9,2,False,,Algorithmic scoring
00-0031288,AJ McCarron,QB,29.41,2,False,,Algorithmic scoring
00-0021206,Josh McCown,QB,29.18,2,False,,Algorithmic scoring
00-0022864,Luke McCown,QB,6.47,2,False,,Algorithmic scoring
00-0027688,Colt McCoy,QB,13.3,2,False,,Algorithmic scoring
00-0020308,Mike McMahon,QB,5.98,2,False,,Algorithmic scoring
00-0011022,Donovan McNabb,QB,68.81,2,False,,Algorithmic scoring
00-0011024,Steve McNair,QB,60.21,2,False,,Algorithmic scoring
00-0011044,Cade McNown,QB,6.03,2,False,,Algorithmic scoring
00-0011276,Jim Miller,QB,16.93,2,False,,Algorithmic scoring
00-0036898,Davis Mills,QB,17.26,2,False,,Algorithmic scoring
00-0035289,Gardner Minshew,QB,18.46,2,False,,Algorithmic scoring
00-0011378,Rick Mirer,QB,4.45,2,False,,Algorithmic scoring
00-0025708,Matt Moore,QB,41.4,2,False,,Algorithmic scoring
00-0033319,Nick Mullens,QB,10.48,2,False,,Algorithmic scoring
00-0035228,Kyler Murray,QB,31.02,2,False,,Algorithmic scoring
00-0027939,Cam Newton,QB,81.42,2,False,,Algorithmic scoring
00-0012261,Neil O'Donnell,QB,13.94,2,False,,Algorithmic scoring
00-0021296,J.T. O'Sullivan,QB,3.38,2,False,,Algorithmic scoring
00-0023578,Dan Orlovsky,QB,6.56,2,False,,Algorithmic scoring
00-0023541,Kyle Orton,QB,19.11,2,False,,Algorithmic scoring
00-0029682,Brock Osweiler,QB,43.86,2,False,,Algorithmic scoring
00-0021429,Carson Palmer,QB,67.77,2,False,,Algorithmic scoring
00-0012726,Doug Pederson,QB,5.26,2,False,,Algorithmic scoring
00-0012732,Rodney Peete,QB,6.21,2,False,,Algorithmic scoring
00-0019559,Chad Pennington,QB,59.66,2,False,,Algorithmic scoring
00-0038102,Kenny Pickett,QB,6.95,2,False,,Algorithmic scoring
00-0013042,Jake Plummer,QB,55.96,2,False,,Algorithmic scoring
00-0027950,Christian Ponder,QB,11.77,2,False,,Algorithmic scoring
00-0033077,Dak Prescott,QB,69.72,2,False,,Algorithmic scoring
00-0037834,Brock Purdy,QB,53.02,2,False,,Algorithmic scoring
00-0025409,Brady Quinn,QB,6.37,2,False,,Algorithmic scoring
00-0021379,Patrick Ramsey,QB,11.85,2,False,,Algorithmic scoring
00-0019623,Tim Rattay,QB,10.33,2,False,,Algorithmic scoring
00-0019709,Chris Redman,QB,9.01,2,False,,Algorithmic scoring
00-0038122,Desmond Ridder,QB,6.13,2,False,,Algorithmic scoring
00-0022942,Philip Rivers,QB,76.04,2,False,,Algorithmic scoring
00-0023459,Aaron Rodgers,QB,99.0,1,True,2.0,Possibly the best pure arm talent of any QB I've ever seen
00-0022924,Ben Roethlisberger,QB,98.0,1,True,3.0,Two Super Bowl wins with incredible ability to extend plays and make throws under pressure
00-0021678,Tony Romo,QB,61.67,2,False,,Algorithmic scoring
00-0034343,Josh Rosen,QB,5.33,2,False,,Algorithmic scoring
00-0020480,Sage Rosenfels,QB,11.21,2,False,,Algorithmic scoring
00-0034771,Mason Rudolph,QB,36.61,2,False,,Algorithmic scoring
00-0033662,Cooper Rush,QB,2.42,2,False,,Algorithmic scoring
00-0025388,JaMarcus Russell,QB,9.11,2,False,,Algorithmic scoring
00-0026143,Matt Ryan,QB,85.43,2,False,,Algorithmic scoring
00-0026898,Mark Sanchez,QB,57.9,2,False,,Algorithmic scoring
00-0022787,Matt Schaub,QB,59.9,2,False,,Algorithmic scoring
00-0032156,Trevor Siemian,QB,12.92,2,False,,Algorithmic scoring
00-0022005,Chris Simms,QB,15.43,2,False,,Algorithmic scoring
00-0027754,John Skelton,QB,7.08,2,False,,Algorithmic scoring
00-0023436,Alex Smith,QB,70.61,2,False,,Algorithmic scoring
00-0030565,Geno Smith,QB,53.65,2,False,,Algorithmic scoring
00-0015082,Akili Smith,QB,4.11,2,False,,Algorithmic scoring
00-0025561,Troy Smith,QB,2.53,2,False,,Algorithmic scoring
00-0026498,Matthew Stafford,QB,73.56,2,False,,Algorithmic scoring
00-0025430,Drew Stanton,QB,9.93,2,False,,Algorithmic scoring
00-0015700,Kordell Stewart,QB,41.14,2,False,,Algorithmic scoring
00-0036212,Tua Tagovailoa,QB,47.17,2,False,,Algorithmic scoring
00-0029701,Ryan Tannehill,QB,66.12,2,False,,Algorithmic scoring
00-0028118,Tyrod Taylor,QB,30.58,2,False,,Algorithmic scoring
00-0027876,Tim Tebow,QB,36.85,2,False,,Algorithmic scoring
00-0016193,Vinny Testaverde,QB,50.18,2,False,,Algorithmic scoring
00-0025604,Tyler Thigpen,QB,7.93,2,False,,Algorithmic scoring
00-0033869,Mitchell Trubisky,QB,53.1,2,False,,Algorithmic scoring
00-0016838,Alex Van Pelt,QB,4.37,2,False,,Algorithmic scoring
00-0020245,Mike Vick,QB,57.91,2,False,,Algorithmic scoring
00-0019041,Billy Volek,QB,17.11,2,False,,Algorithmic scoring
00-0033275,PJ Walker,QB,2.26,2,False,,Algorithmic scoring
00-0022055,Seneca Wallace,QB,10.99,2,False,,Algorithmic scoring
00-0017200,Kurt Warner,QB,98.0,1,True,3.0,"From grocery store stock boy to Super Bowl champion and MVP, one of the greatest comeback stories in NFL history"
00-0033537,Deshaun Watson,QB,59.59,2,False,,Algorithmic scoring
00-0027796,Joe Webb,QB,31.03,2,False,,Algorithmic scoring
00-0029677,Brandon Weeden,QB,11.28,2,False,,Algorithmic scoring
00-0020434,Chris Weinke,QB,7.31,2,False,,Algorithmic scoring
00-0032950,Carson Wentz,QB,33.86,2,False,,Algorithmic scoring
00-0024296,Charlie Whitehurst,QB,6.9,2,False,,Algorithmic scoring
00-0029263,Russell Wilson,QB,74.59,2,False,,Algorithmic scoring
00-0037013,Zach Wilson,QB,9.63,2,False,,Algorithmic scoring
00-0031503,Jameis Winston,QB,51.39,2,False,,Algorithmic scoring
00-0018272,Anthony Wright,QB,33.82,2,False,,Algorithmic scoring
00-0028090,T.J. Yates,QB,31.93,2,False,,Algorithmic scoring
00-0039150,Bryce Young,QB,4.93,2,False,,Algorithmic scoring
00-0024218,Vince Young,QB,29.12,2,False,,Algorithmic scoring
00-0034364,Jordan Akins,TE,34.48,2,False,,Algorithmic scoring
00-0000166,Stephen Alexander,TE,39.87,2,False,,Algorithmic scoring
00-0033217,Mo Alie-Cox,TE,42.65,2,False,,Algorithmic scoring
00-0029689,Dwayne Allen,TE,41.54,2,False,,Algorithmic scoring
00-0000242,John Allred,TE,17.78,2,False,,Algorithmic scoring
00-0022704,Courtney Anderson,TE,32.47,2,False,,Algorithmic scoring
00-0032725,Stephen Anderson,TE,15.96,2,False,,Algorithmic scoring
00-0034753,Mark Andrews,TE,70.86,2,False,,Algorithmic scoring
00-0034011,Dan Arnold,TE,31.11,2,False,,Algorithmic scoring
00-0023679,Billy Bajema,TE,21.0,2,False,,Algorithmic scoring
00-0021213,Chris Baker,TE,40.67,2,False,,Algorithmic scoring
00-0027259,Jake Ballard,TE,37.17,2,False,,Algorithmic scoring
00-0026281,Gary Barnidge,TE,51.88,2,False,,Algorithmic scoring
00-0036628,John Bates,TE,29.27,2,False,,Algorithmic scoring
00-0000883,Marco Battaglia,TE,17.72,2,False,,Algorithmic scoring
00-0000911,Fred Baxter,TE,26.76,2,False,,Algorithmic scoring
00-0019457,Anthony Becht,TE,54.11,2,False,,Algorithmic scoring
00-0027070,Travis Beckum,TE,16.83,2,False,,Algorithmic scoring
00-0032062,Blake Bell,TE,31.28,2,False,,Algorithmic scoring
00-0038115,Daniel Bellinger,TE,29.98,2,False,,Algorithmic scoring
00-0026201,Martellus Bennett,TE,68.61,2,False,,Algorithmic scoring
00-0023217,Adam Bergen,TE,18.81,2,False,,Algorithmic scoring
00-0001281,Eric Bjornson,TE,15.22,2,False,,Algorithmic scoring
00-0025540,Kevin Boss,TE,46.65,2,False,,Algorithmic scoring
00-0029601,Brandon Bostick,TE,11.11,2,False,,Algorithmic scoring
00-0031598,Nick Boyle,TE,27.68,2,False,,Algorithmic scoring
00-0001661,Kyle Brady,TE,58.09,2,False,,Algorithmic scoring
00-0031273,Cameron Brate,TE,44.77,2,False,,Algorithmic scoring
00-0001766,Jeremy Brigham,TE,29.53,2,False,,Algorithmic scoring
00-0001862,Luther Broughton,TE,18.8,2,False,,Algorithmic scoring
00-0032098,Daniel Brown,TE,20.94,2,False,,Algorithmic scoring
00-0033439,Pharaoh Brown,TE,27.75,2,False,,Algorithmic scoring
00-0002102,Mark Bruener,TE,32.31,2,False,,Algorithmic scoring
00-0036232,Harrison Bryant,TE,31.48,2,False,,Algorithmic scoring
00-0030710,Trey Burton,TE,29.77,2,False,,Algorithmic scoring
00-0028040,Jordan Cameron,TE,53.99,2,False,,Algorithmic scoring
00-0002565,Dan Campbell,TE,43.86,2,False,,Algorithmic scoring
00-0002586,Mark Campbell,TE,44.42,2,False,,Algorithmic scoring
00-0026178,John Carlson,TE,41.54,2,False,,Algorithmic scoring
00-0029119,Derek Carrier,TE,16.73,2,False,,Algorithmic scoring
00-0027109,James Casey,TE,23.85,2,False,,Algorithmic scoring
00-0025549,Brent Celek,TE,48.83,2,False,,Algorithmic scoring
00-0028903,Garrett Celek,TE,36.26,2,False,,Algorithmic scoring
00-0002861,Byron Chamberlain,TE,31.4,2,False,,Algorithmic scoring
00-0025516,Scott Chandler,TE,48.05,2,False,,Algorithmic scoring
00-0029414,Orson Charles,TE,14.57,2,False,,Algorithmic scoring
00-0022165,Dallas Clark,TE,70.04,2,False,,Algorithmic scoring
00-0003035,Desmond Clark,TE,42.68,2,False,,Algorithmic scoring
00-0003039,Greg Clark,TE,24.1,2,False,,Algorithmic scoring
00-0028112,Charles Clay,TE,38.88,2,False,,Algorithmic scoring
00-0003103,Cameron Cleeland,TE,37.29,2,False,,Algorithmic scoring
00-0003142,Ben Coates,TE,24.1,2,False,,Algorithmic scoring
00-0024607,Daniel Coats,TE,12.6,2,False,,Algorithmic scoring
00-0034270,Tyler Conklin,TE,28.66,2,False,,Algorithmic scoring
00-0003400,Ernie Conwell,TE,37.91,2,False,,Algorithmic scoring
00-0027061,Jared Cook,TE,62.98,2,False,,Algorithmic scoring
00-0022738,Chris Cooley,TE,49.73,2,False,,Algorithmic scoring
00-0026878,Tom Crabtree,TE,19.03,2,False,,Algorithmic scoring
00-0003681,Howard Cross,TE,24.44,2,False,,Algorithmic scoring
00-0032745,Alan Cross,TE,6.15,2,False,,Algorithmic scoring
00-0020285,Alge Crumpler,TE,51.33,2,False,,Algorithmic scoring
00-0027321,Jeff Cumberland,TE,33.22,2,False,,Algorithmic scoring
00-0033258,Darrell Daniels,TE,15.11,2,False,,Algorithmic scoring
00-0024313,Owen Daniels,TE,53.27,2,False,,Algorithmic scoring
00-0026188,Fred Davis,TE,35.92,2,False,,Algorithmic scoring
00-0004004,John Davis,TE,26.5,2,False,,Algorithmic scoring
00-0026298,Kellen Davis,TE,44.84,2,False,,Algorithmic scoring
00-0004063,Tyrone Davis,TE,29.03,2,False,,Algorithmic scoring
00-0024221,Vernon Davis,TE,59.57,2,False,,Algorithmic scoring
00-0033080,Seth DeValve,TE,20.96,2,False,,Algorithmic scoring
00-0036332,Josiah Deguara,TE,13.73,2,False,,Algorithmic scoring
00-0031609,A.J. Derby,TE,20.57,2,False,,Algorithmic scoring
00-0027675,Ed Dickson,TE,43.36,2,False,,Algorithmic scoring
00-0004294,Ken Dilger,TE,44.68,2,False,,Algorithmic scoring
00-0020550,Darnell Dinkins,TE,21.95,2,False,,Algorithmic scoring
00-0034159,Will Dissly,TE,37.37,2,False,,Algorithmic scoring
00-0028838,Larry Donnell,TE,37.8,2,False,,Algorithmic scoring
00-0030181,Jack Doyle,TE,52.36,2,False,,Algorithmic scoring
00-0027825,Jim Dray,TE,24.13,2,False,,Algorithmic scoring
00-0004524,Troy Drayton,TE,24.17,2,False,,Algorithmic scoring
00-0023630,Joel Dreessen,TE,36.07,2,False,,Algorithmic scoring
00-0004574,Rickey Dudley,TE,48.53,2,False,,Algorithmic scoring
00-0022746,Jeff Dugan,TE,16.21,2,False,,Algorithmic scoring
00-0004637,Jason Dunn,TE,39.73,2,False,,Algorithmic scoring
00-0034073,Ross Dwelley,TE,22.41,2,False,,Algorithmic scoring
00-0031387,Eric Ebron,TE,59.09,2,False,,Algorithmic scoring
00-0030549,Tyler Eifert,TE,62.07,2,False,,Algorithmic scoring
00-0029587,Rhett Ellison,TE,34.49,2,False,,Algorithmic scoring
00-0033881,Evan Engram,TE,53.15,2,False,,Algorithmic scoring
00-0030061,Zach Ertz,TE,62.03,2,False,,Algorithmic scoring
00-0030544,Gavin Escobar,TE,32.1,2,False,,Algorithmic scoring
00-0023784,Greg Estandia,TE,27.88,2,False,,Algorithmic scoring
00-0033895,Gerald Everett,TE,43.68,2,False,,Algorithmic scoring
00-0035644,Noah Fant,TE,42.22,2,False,,Algorithmic scoring
00-0036887,Luke Farrell,TE,16.02,2,False,,Algorithmic scoring
00-0024268,Anthony Fasano,TE,48.3,2,False,,Algorithmic scoring
00-0005101,Christian Fauria,TE,43.3,2,False,,Algorithmic scoring
00-0029883,Joseph Fauria,TE,29.95,2,False,,Algorithmic scoring
00-0023752,Daniel Fells,TE,33.87,2,False,,Algorithmic scoring
00-0029738,Darren Fells,TE,52.91,2,False,,Algorithmic scoring
00-0038041,Jake Ferguson,TE,39.5,2,False,,Algorithmic scoring
00-0031302,C.J. Fiedorowicz,TE,37.35,2,False,,Algorithmic scoring
00-0026231,Jermichael Finley,TE,43.45,2,False,,Algorithmic scoring
00-0033455,Anthony Firkser,TE,25.23,2,False,,Algorithmic scoring
00-0021525,Casey Fitzsimmons,TE,27.03,2,False,,Algorithmic scoring
00-0029697,Coby Fleener,TE,53.66,2,False,,Algorithmic scoring
00-0019290,Zeron Flemister,TE,17.51,2,False,,Algorithmic scoring
00-0021317,Bryan Fletcher,TE,25.06,2,False,,Algorithmic scoring
00-0029432,Chase Ford,TE,26.16,2,False,,Algorithmic scoring
00-0022484,J.P. Foschi,TE,13.19,2,False,,Algorithmic scoring
00-0019644,Bubba Franks,TE,55.46,2,False,,Algorithmic scoring
00-0036894,Pat Freiermuth,TE,43.58,2,False,,Algorithmic scoring
00-0022706,Michael Gaines,TE,24.88,2,False,,Algorithmic scoring
00-0021547,Antonio Gates,TE,49.25,2,False,,Algorithmic scoring
00-0035222,Zach Gentry,TE,28.56,2,False,,Algorithmic scoring
00-0034829,Mike Gesicki,TE,48.45,2,False,,Algorithmic scoring
00-0030992,Crockett Gillmore,TE,35.55,2,False,,Algorithmic scoring
00-0021304,John Gilmore,TE,33.47,2,False,,Algorithmic scoring
00-0006047,Andrew Glover,TE,31.18,2,False,,Algorithmic scoring
00-0034351,Dallas Goedert,TE,52.21,2,False,,Algorithmic scoring
00-0006101,Tony Gonzalez,TE,82.06,2,False,,Algorithmic scoring
00-0006133,Hunter Goodwin,TE,28.82,2,False,,Algorithmic scoring
00-0021154,Daniel Graham,TE,47.47,2,False,,Algorithmic scoring
00-0027718,Garrett Graham,TE,28.2,2,False,,Algorithmic scoring
00-0027696,Jimmy Graham,TE,85.27,2,False,,Algorithmic scoring
00-0036876,Kylen Granson,TE,17.41,2,False,,Algorithmic scoring
00-0029878,MarQueis Gray,TE,17.79,2,False,,Algorithmic scoring
00-0036637,Noah Gray,TE,20.96,2,False,,Algorithmic scoring
00-0029275,Ladarius Green,TE,39.22,2,False,,Algorithmic scoring
00-0028142,Virgil Green,TE,38.44,2,False,,Algorithmic scoring
00-0027873,Jermaine Gresham,TE,63.7,2,False,,Algorithmic scoring
00-0030108,Ryan Griffin,TE,46.79,2,False,,Algorithmic scoring
00-0031035,Xavier Grimble,TE,17.83,2,False,,Algorithmic scoring
00-0027656,Rob Gronkowski,TE,83.49,2,False,,Algorithmic scoring
00-0006666,Lamont Hall,TE,17.95,2,False,,Algorithmic scoring
00-0029634,James Hanna,TE,22.02,2,False,,Algorithmic scoring
00-0021282,Ryan Hannam,TE,15.2,2,False,,Algorithmic scoring
00-0006804,Patrick Hape,TE,30.07,2,False,,Algorithmic scoring
00-0027725,Clay Harbor,TE,26.9,2,False,,Algorithmic scoring
00-0006848,Terry Hardy,TE,27.45,2,False,,Algorithmic scoring
00-0028958,Cory Harkey,TE,14.78,2,False,,Algorithmic scoring
00-0030155,Demetrius Harris,TE,35.32,2,False,,Algorithmic scoring
00-0006949,Jackie Harris,TE,30.55,2,False,,Algorithmic scoring
00-0035624,N'Keal Harry,TE,26.77,2,False,,Algorithmic scoring
00-0022847,Ben Hartsock,TE,25.34,2,False,,Algorithmic scoring
00-0026026,Joey Haynos,TE,25.48,2,False,,Algorithmic scoring
00-0020516,Todd Heap,TE,63.5,2,False,,Algorithmic scoring
00-0007213,Steve Heiden,TE,47.81,2,False,,Algorithmic scoring
00-0021756,Will Heller,TE,44.13,2,False,,Algorithmic scoring
00-0037569,Peyton Hendershot,TE,11.74,2,False,,Algorithmic scoring
00-0033090,Hunter Henry,TE,47.67,2,False,,Algorithmic scoring
00-0027713,Aaron Hernandez,TE,34.33,2,False,,Algorithmic scoring
00-0034766,Chris Herndon,TE,29.98,2,False,,Algorithmic scoring
00-0032227,Jeff Heuerman,TE,27.86,2,False,,Algorithmic scoring
00-0030780,Ryan Hewitt,TE,15.26,2,False,,Algorithmic scoring
00-0037304,Connor Heyward,TE,9.35,2,False,,Algorithmic scoring
00-0033110,Tyler Higbee,TE,51.31,2,False,,Algorithmic scoring
00-0030216,Josh Hill,TE,38.25,2,False,,Algorithmic scoring
00-0033357,Taysom Hill,TE,23.23,2,False,,Algorithmic scoring
00-0035229,T.J. Hockenson,TE,56.8,2,False,,Algorithmic scoring
00-0033387,Jacob Hollister,TE,25.56,2,False,,Algorithmic scoring
00-0027732,Michael Hoomanawanui,TE,33.71,2,False,,Algorithmic scoring
00-0032392,Austin Hooper,TE,55.85,2,False,,Algorithmic scoring
00-0028007,Rob Housler,TE,30.35,2,False,,Algorithmic scoring
00-0033879,O.J. Howard,TE,48.8,2,False,,Algorithmic scoring
00-0034613,Tanner Hudson,TE,19.04,2,False,,Algorithmic scoring
00-0034830,Hayden Hurst,TE,40.05,2,False,,Algorithmic scoring
00-0020617,Nate Jackson,TE,9.63,2,False,,Algorithmic scoring
00-0032135,Jesse James,TE,46.77,2,False,,Algorithmic scoring
00-0033658,Blake Jarwin,TE,30.25,2,False,,Algorithmic scoring
00-0026957,David Johnson,TE,17.7,2,False,,Algorithmic scoring
00-0020455,Eric Johnson,TE,34.71,2,False,,Algorithmic scoring
00-0036040,Juwan Johnson,TE,26.89,2,False,,Algorithmic scoring
00-0022051,Teyo Johnson,TE,29.62,2,False,,Algorithmic scoring
00-0021183,Doug Jolley,TE,34.63,2,False,,Algorithmic scoring
00-0008723,Damon Jones,TE,32.33,2,False,,Algorithmic scoring
00-0008749,Freddie Jones,TE,46.1,2,False,,Algorithmic scoring
00-0021268,Terry Jones,TE,23.13,2,False,,Algorithmic scoring
00-0008903,Andrew Jordan,TE,27.11,2,False,,Algorithmic scoring
00-0036556,Brevin Jordan,TE,21.05,2,False,,Algorithmic scoring
00-0030506,Travis Kelce,TE,75.4,2,False,,Algorithmic scoring
00-0026170,Dustin Keller,TE,43.92,2,False,,Algorithmic scoring
00-0009119,Reggie Kelly,TE,40.72,2,False,,Algorithmic scoring
00-0027985,Lance Kendricks,TE,39.01,2,False,,Algorithmic scoring
00-0038933,Dalton Kincaid,TE,22.32,2,False,,Algorithmic scoring
00-0024369,Jeff King,TE,31.62,2,False,,Algorithmic scoring
00-0019659,Erron Kinney,TE,44.31,2,False,,Algorithmic scoring
00-0033288,George Kittle,TE,68.9,2,False,,Algorithmic scoring
00-0009323,Jimmy Kleinsasser,TE,38.01,2,False,,Algorithmic scoring
00-0024261,Joe Klopfenstein,TE,28.52,2,False,,Algorithmic scoring
00-0036290,Cole Kmet,TE,47.6,2,False,,Algorithmic scoring
00-0035689,Dawson Knox,TE,52.51,2,False,,Algorithmic scoring
00-0032139,Ben Koyack,TE,20.09,2,False,,Algorithmic scoring
00-0009443,Brian Kozlowski,TE,27.49,2,False,,Algorithmic scoring
00-0032214,Tyler Kroft,TE,40.12,2,False,,Algorithmic scoring
00-0031744,Matt LaCosse,TE,24.85,2,False,,Algorithmic scoring
00-0009550,David LaFleur,TE,43.25,2,False,,Algorithmic scoring
00-0039065,Sam LaPorta,TE,39.33,2,False,,Algorithmic scoring
00-0021929,Donald Lee,TE,37.63,2,False,,Algorithmic scoring
00-0009842,Chad Lewis,TE,47.32,2,False,,Algorithmic scoring
00-0024243,Marcedes Lewis,TE,68.62,2,False,,Algorithmic scoring
00-0037838,Isaiah Likely,TE,27.79,2,False,,Algorithmic scoring
00-0010146,Mike Lucky,TE,26.61,2,False,,Algorithmic scoring
00-0019464,Dustin Lyman,TE,23.53,2,False,,Algorithmic scoring
00-0010333,Kris Mangum,TE,35.35,2,False,,Algorithmic scoring
00-0031484,Chris Manhertz,TE,20.6,2,False,,Algorithmic scoring
00-0020342,Brandon Manumaleuna,TE,36.5,2,False,,Algorithmic scoring
00-0020332,David Martin,TE,40.25,2,False,,Algorithmic scoring
00-0031299,Jordan Matthews,TE,40.08,2,False,,Algorithmic scoring
00-0037744,Trey McBride,TE,35.65,2,False,,Algorithmic scoring
00-0027783,Anthony McCoy,TE,24.27,2,False,,Algorithmic scoring
00-0030470,Vance McDonald,TE,46.97,2,False,,Algorithmic scoring
00-0010859,Tony McGee,TE,28.29,2,False,,Algorithmic scoring
00-0029391,Sean McGrath,TE,22.33,2,False,,Algorithmic scoring
00-0022724,Sean McHugh,TE,19.31,2,False,,Algorithmic scoring
00-0021236,Randy McMichael,TE,37.07,2,False,,Algorithmic scoring
00-0011068,Johnny McWilliams,TE,28.46,2,False,,Algorithmic scoring
00-0020476,Shad Meier,TE,19.59,2,False,,Algorithmic scoring
00-0011224,Itula Mili,TE,41.74,2,False,,Algorithmic scoring
00-0011236,Billy Miller,TE,36.71,2,False,,Algorithmic scoring
00-0023465,Heath Miller,TE,64.11,2,False,,Algorithmic scoring
00-0027125,Zach Miller,TE,36.35,2,False,,Algorithmic scoring
00-0025425,Zach Miller,TE,57.72,2,False,,Algorithmic scoring
00-0011425,Pete Mitchell,TE,25.97,2,False,,Algorithmic scoring
00-0011439,Tywan Mitchell,TE,17.34,2,False,,Algorithmic scoring
00-0027695,Tony Moeaki,TE,29.35,2,False,,Algorithmic scoring
00-0011551,Dave Moore,TE,33.69,2,False,,Algorithmic scoring
00-0026123,Evan Moore,TE,27.23,2,False,,Algorithmic scoring
00-0034981,Foster Moreau,TE,32.17,2,False,,Algorithmic scoring
00-0026008,Matthew Mulligan,TE,22.58,2,False,,Algorithmic scoring
00-0033246,Johnny Mundt,TE,17.96,2,False,,Algorithmic scoring
00-0027135,Brandon Myers,TE,34.23,2,False,,Algorithmic scoring
00-0031044,Troy Niklas,TE,29.0,2,False,,Algorithmic scoring
00-0033885,David Njoku,TE,54.24,2,False,,Algorithmic scoring
00-0032117,Nick O'Leary,TE,20.24,2,False,,Algorithmic scoring
00-0031951,James O'Shaughnessy,TE,27.69,2,False,,Algorithmic scoring
00-0037809,Chig Okonkwo,TE,20.7,2,False,,Algorithmic scoring
00-0036423,Albert Okwuegbunam,TE,30.11,2,False,,Algorithmic scoring
00-0035249,Josh Oliver,TE,31.64,2,False,,Algorithmic scoring
00-0025418,Greg Olsen,TE,67.17,2,False,,Algorithmic scoring
00-0038129,Cade Otton,TE,32.48,2,False,,Algorithmic scoring
00-0021255,John Owens,TE,15.59,2,False,,Algorithmic scoring
00-0027202,Michael Palmer,TE,20.31,2,False,,Algorithmic scoring
00-0035329,Donald Parham,TE,34.24,2,False,,Algorithmic scoring
00-0036244,Colby Parkinson,TE,36.0,2,False,,Algorithmic scoring
00-0026931,Bear Pascoe,TE,25.75,2,False,,Algorithmic scoring
00-0025602,Ben Patrick,TE,23.92,2,False,,Algorithmic scoring
00-0028093,Niles Paul,TE,20.55,2,False,,Algorithmic scoring
00-0027215,Logan Paulsen,TE,38.23,2,False,,Algorithmic scoring
00-0021227,Justin Peelle,TE,35.56,2,False,,Algorithmic scoring
00-0026996,Brandon Pettigrew,TE,52.35,2,False,,Algorithmic scoring
00-0027139,John Phillips,TE,26.25,2,False,,Algorithmic scoring
00-0027714,Dennis Pitta,TE,36.62,2,False,,Algorithmic scoring
00-0036970,Kyle Pitts,TE,49.62,2,False,,Algorithmic scoring
00-0013080,Marcus Pollard,TE,43.62,2,False,,Algorithmic scoring
00-0024287,Leonard Pope,TE,48.1,2,False,,Algorithmic scoring
00-0031585,MyCole Pruitt,TE,33.22,2,False,,Algorithmic scoring
00-0021100,Jeb Putzier,TE,31.07,2,False,,Algorithmic scoring
00-0027753,Andrew Quarless,TE,30.35,2,False,,Algorithmic scoring
00-0013422,Walter Rasby,TE,20.34,2,False,,Algorithmic scoring
00-0030472,Jordan Reed,TE,48.19,2,False,,Algorithmic scoring
00-0013712,Mikhael Ricks,TE,38.93,2,False,,Algorithmic scoring
00-0013728,Jay Riemersma,TE,40.88,2,False,,Algorithmic scoring
00-0030514,Mychal Rivera,TE,26.43,2,False,,Algorithmic scoring
00-0020187,Marcellus Rivers,TE,15.94,2,False,,Algorithmic scoring
00-0024529,Gijon Robinson,TE,11.94,2,False,,Algorithmic scoring
00-0031384,Richard Rodgers,TE,40.07,2,False,,Algorithmic scoring
00-0025542,Dante Rosario,TE,27.55,2,False,,Algorithmic scoring
00-0021273,Robert Royal,TE,34.78,2,False,,Algorithmic scoring
00-0027981,Kyle Rudolph,TE,65.71,2,False,,Algorithmic scoring
00-0014211,Rod Rutledge,TE,26.23,2,False,,Algorithmic scoring
00-0022817,Sean Ryan,TE,19.89,2,False,,Algorithmic scoring
00-0035631,Drew Sample,TE,31.82,2,False,,Algorithmic scoring
00-0014350,O.J. Santiago,TE,33.24,2,False,,Algorithmic scoring
00-0033576,Eric Saubert,TE,20.84,2,False,,Algorithmic scoring
00-0023612,Bo Scaife,TE,32.99,2,False,,Algorithmic scoring
00-0024276,Tony Scheffler,TE,49.56,2,False,,Algorithmic scoring
00-0021084,Matt Schobel,TE,40.02,2,False,,Algorithmic scoring
00-0034383,Dalton Schultz,TE,42.7,2,False,,Algorithmic scoring
00-0033611,Ricky Seals-Jones,TE,28.16,2,False,,Algorithmic scoring
00-0031418,Austin Seferian-Jenkins,TE,39.95,2,False,,Algorithmic scoring
00-0014655,Mike Sellers,TE,38.92,2,False,,Algorithmic scoring
00-0033896,Adam Shaheen,TE,34.3,2,False,,Algorithmic scoring
00-0014722,Shannon Sharpe,TE,35.86,2,False,,Algorithmic scoring
00-0019564,Aaron Shea,TE,23.28,2,False,,Algorithmic scoring
00-0022054,Visanthe Shiancoe,TE,45.29,2,False,,Algorithmic scoring
00-0021148,Jeremy Shockey,TE,54.37,2,False,,Algorithmic scoring
00-0030422,Dion Sims,TE,36.88,2,False,,Algorithmic scoring
00-0015048,David Sloan,TE,46.59,2,False,,Algorithmic scoring
00-0023506,Alex Smith,TE,32.55,2,False,,Algorithmic scoring
00-0034970,Irv Smith,TE,28.22,2,False,,Algorithmic scoring
00-0022126,L.J. Smith,TE,40.15,2,False,,Algorithmic scoring
00-0033858,Jonnu Smith,TE,48.42,2,False,,Algorithmic scoring
00-0028097,Lee Smith,TE,38.05,2,False,,Algorithmic scoring
00-0034988,Kaden Smith,TE,18.5,2,False,,Algorithmic scoring
00-0034798,Durham Smythe,TE,26.65,2,False,,Algorithmic scoring
00-0023108,Stephen Spach,TE,18.76,2,False,,Algorithmic scoring
00-0025464,Matt Spaeth,TE,40.68,2,False,,Algorithmic scoring
00-0033528,Jeremy Sprinkle,TE,24.48,2,False,,Algorithmic scoring
00-0026225,Craig Stevens,TE,31.05,2,False,,Algorithmic scoring
00-0021159,Jerramy Stevens,TE,55.73,2,False,,Algorithmic scoring
00-0020268,Tony Stewart,TE,27.17,2,False,,Algorithmic scoring
00-0028042,Luke Stocker,TE,31.79,2,False,,Algorithmic scoring
00-0036741,Jack Stoll,TE,12.59,2,False,,Algorithmic scoring
00-0032141,Geoff Swaim,TE,32.49,2,False,,Algorithmic scoring
00-0030854,Erik Swoope,TE,19.61,2,False,,Algorithmic scoring
00-0026267,Jacob Tamme,TE,37.22,2,False,,Algorithmic scoring
00-0034365,Ian Thomas,TE,25.78,2,False,,Algorithmic scoring
00-0024301,David Thomas,TE,30.52,2,False,,Algorithmic scoring
00-0028067,Julius Thomas,TE,59.92,2,False,,Algorithmic scoring
00-0031260,Logan Thomas,TE,47.0,2,False,,Algorithmic scoring
00-0016347,Jeff Thomason,TE,29.1,2,False,,Algorithmic scoring
00-0029590,Taylor Thompson,TE,26.52,2,False,,Algorithmic scoring
00-0030443,Levine Toilolo,TE,45.0,2,False,,Algorithmic scoring
00-0031690,Eric Tomlinson,TE,24.45,2,False,,Algorithmic scoring
00-0033757,Robert Tonyan,TE,37.26,2,False,,Algorithmic scoring
00-0036422,Adam Trautman,TE,31.46,2,False,,Algorithmic scoring
00-0032319,Ross Travis,TE,17.44,2,False,,Algorithmic scoring
00-0037005,Tommy Tremble,TE,25.72,2,False,,Algorithmic scoring
00-0022916,Ben Troupe,TE,36.28,2,False,,Algorithmic scoring
00-0016677,Jerame Tuman,TE,32.13,2,False,,Algorithmic scoring
00-0032004,Will Tye,TE,25.75,2,False,,Algorithmic scoring
00-0022555,Ben Utecht,TE,26.94,2,False,,Algorithmic scoring
00-0032134,C.J. Uzomah,TE,53.34,2,False,,Algorithmic scoring
00-0032394,Nick Vannett,TE,38.41,2,False,,Algorithmic scoring
00-0032256,Clive Walford,TE,28.22,2,False,,Algorithmic scoring
00-0022060,Aaron Walker,TE,27.51,2,False,,Algorithmic scoring
00-0024389,Delanie Walker,TE,53.66,2,False,,Algorithmic scoring
00-0031610,Darren Waller,TE,56.15,2,False,,Algorithmic scoring
00-0017109,Wesley Walls,TE,42.91,2,False,,Algorithmic scoring
00-0022943,Benjamin Watson,TE,46.16,2,False,,Algorithmic scoring
00-0017356,Jed Weaver,TE,33.48,2,False,,Algorithmic scoring
00-0035259,Trevon Wesco,TE,15.52,2,False,,Algorithmic scoring
00-0017480,Ryan Wetnight,TE,8.02,2,False,,Algorithmic scoring
00-0017644,Jermaine Wiggins,TE,38.46,2,False,,Algorithmic scoring
00-0020127,Daniel Wilcox,TE,22.48,2,False,,Algorithmic scoring
00-0035771,Mitchell Wilcox,TE,11.52,2,False,,Algorithmic scoring
00-0029793,Brandon Williams,TE,13.51,2,False,,Algorithmic scoring
00-0020171,Boo Williams,TE,34.02,2,False,,Algorithmic scoring
00-0031558,Maxx Williams,TE,31.44,2,False,,Algorithmic scoring
00-0019919,Randal Williams,TE,11.57,2,False,,Algorithmic scoring
00-0017924,Roland Williams,TE,41.86,2,False,,Algorithmic scoring
00-0038643,Brayden Willis,TE,9.84,2,False,,Algorithmic scoring
00-0030089,Luke Willson,TE,42.07,2,False,,Algorithmic scoring
00-0022714,Kris Wilson,TE,22.51,2,False,,Algorithmic scoring
00-0022922,Kellen Winslow,TE,52.7,2,False,,Algorithmic scoring
00-0022127,Jason Witten,TE,83.0,2,False,,Algorithmic scoring
00-0021980,George Wrighster,TE,29.29,2,False,,Algorithmic scoring
00-0036754,Brock Wright,TE,27.99,2,False,,Algorithmic scoring
00-0029910,Timothy Wright,TE,24.35,2,False,,Algorithmic scoring
00-0018343,Frank Wycheck,TE,39.21,2,False,,Algorithmic scoring
00-0019127,Todd Yoder,TE,27.27,2,False,,Algorithmic scoring
00-0035280,Jake Bailey,P,64.09,2,False,,Algorithmic scoring
00-0025503,Zak DeOssie,P,47.27,2,False,,Algorithmic scoring
00-0025630,Clark Harris,P,34.09,2,False,,Algorithmic scoring
00-0036847,Pressley Harvin III,P,8.18,2,False,,Algorithmic scoring
00-0028872,Johnny Hekker,P,7.91,2,False,,Algorithmic scoring
00-0007308,Craig Hentrich,P,12.73,2,False,,Algorithmic scoring
00-0036319,Sterling Hofrichter,P,7.73,2,False,,Algorithmic scoring
00-0011626,Brian Moorman,P,2.45,2,False,,Algorithmic scoring
00-0032065,Bradley Pinion,P,19.09,2,False,,Algorithmic scoring
00-0013872,Jeff Robinson,P,24.09,2,False,,Algorithmic scoring
00-0034941,Mitch Wishnowsky,P,19.55,2,False,,Algorithmic scoring
00-0002709,Dwayne Carswell,OL,9.83,2,False,,Algorithmic scoring
00-0030126,T.J. Johnson,OL,19.44,2,False,,Algorithmic scoring
00-0029146,J.R. Sweezy,OL,36.39,2,False,,Algorithmic scoring
00-0011493,Joe Montana,QB,100.0,1,True,1.0,"4 Super Bowl wins, 3 Super Bowl MVPs, clutch playoff performer (ID not found in dataset)"
HOF-1963-013,Johnny Unitas,QB,99.0,1,True,2.0,Passing skills in an era of running the football helped start to evolve the game into what it is today (ID not found in dataset)
00-0004884,John Elway,QB,99.0,1,True,2.0,Nobody wanted to face John Elway with two minutes to go in a one-score game. He was a magician (ID not found in dataset)
00-0010379,Dan Marino,QB,99.0,1,True,2.0,"Arm talent, release, and volume stats were second to none for his era. Had he won a Super Bowl, he would be higher (ID not found in dataset)"
HOF-1965-008,Otto Graham,QB,99.0,1,True,2.0,Had success throwing the ball in an era when nobody was throwing the ball (ID not found in dataset)
HOF-1985-017,Roger Staubach,QB,99.0,1,True,2.0,"Best QB of the 70s despite only 8 seasons as a starter, even with Bradshaw's 4 championships (ID not found in dataset)"
00-0018441,Steve Young,QB,99.0,1,True,2.0,"His ability to run and throw was remarkable. Underrated, 11th all-time (ID not found in dataset)"
BRA462819,Terry Bradshaw,QB,99.0,1,True,2.0,"Had a great defense, but four Super Bowls is hard to argue against (ID not found in dataset)"
HOF-1965-007,Sid Luckman,QB,99.0,1,True,2.0,"Luckman and Baugh were the first Brady and Manning. Most probably have Baugh ahead of Luckman, I'll take the championships (ID not found in dataset)"
HOF-1963-004,Sammy Baugh,QB,99.0,1,True,2.0,Still want to rank Baugh ahead of Luckman? Don't forget Baugh lost to Luckman 73-0 in the NFL Championship game (ID not found in dataset)
00-0009111,Jim Kelly,QB,99.0,1,True,2.0,Kelly's offenses in Buffalo were all-time great. 0-4 in the big game will always be a blackeye on his resume (ID not found in dataset)
STA927364,Ken Stabler,QB,98.0,1,True,3.0,The Snake was a gunslinger who led the Raiders to a Super Bowl victory with his clutch performances (ID not found in dataset)
TAR384729,Fran Tarkenton,QB,98.0,1,True,3.0,"The league's first running quarterback. A phenomenal scrambler, also the league's all-time passing leader in yards from 1976 to 1995 (ID not found in dataset)"
FOU384729,Dan Fouts,QB,98.0,1,True,3.0,"Air Coryell offense pioneer who threw for over 4,000 yards in three consecutive seasons when that was rare (ID not found in dataset)"
00-0011524,Warren Moon,QB,98.0,1,True,3.0,"First Black quarterback in the modern era to achieve sustained success, broke barriers and stereotypes (ID not found in dataset)"
DAW384729,Len Dawson,QB,98.0,1,True,3.0,Super Bowl IV champion who was instrumental in the AFL-NFL merger success (ID not found in dataset)
HOF-1985-016,Joe Namath,QB,98.0,1,True,3.0,Won the most important game in NFL history (ID not found in dataset)
HOF-1968-026,Norm Van Brocklin,QB,98.0,1,True,3.0,"The Dutchman threw for 554 yards in a single game, a record that stood for decades (ID not found in dataset)"
